-- phpMyAdmin SQL Dump
-- version 4.4.12
-- http://www.phpmyadmin.net
--
-- Host: localhost
-- Generation Time: Apr 27, 2016 at 07:03 AM
-- Server version: 5.6.25
-- PHP Version: 5.6.11

SET SQL_MODE = "NO_AUTO_VALUE_ON_ZERO";
SET time_zone = "+00:00";


/*!40101 SET @OLD_CHARACTER_SET_CLIENT=@@CHARACTER_SET_CLIENT */;
/*!40101 SET @OLD_CHARACTER_SET_RESULTS=@@CHARACTER_SET_RESULTS */;
/*!40101 SET @OLD_COLLATION_CONNECTION=@@COLLATION_CONNECTION */;
/*!40101 SET NAMES utf8mb4 */;

--
-- Database: `sacco`
--
CREATE DATABASE IF NOT EXISTS `sacco` DEFAULT CHARACTER SET latin1 COLLATE latin1_swedish_ci;
USE `sacco`;

-- --------------------------------------------------------

--
-- Table structure for table `account_status`
--

CREATE TABLE IF NOT EXISTS `account_status` (
  `id` int(11) NOT NULL,
  `status` varchar(45) NOT NULL
) ENGINE=InnoDB DEFAULT CHARSET=latin1;

-- --------------------------------------------------------

--
-- Table structure for table `account_transitions`
--

CREATE TABLE IF NOT EXISTS `account_transitions` (
  `id` int(11) NOT NULL,
  `account` int(11) NOT NULL,
  `status` int(11) NOT NULL,
  `date_when` date NOT NULL,
  `comments` longtext NOT NULL,
  `isCurrent` tinyint(1) NOT NULL
) ENGINE=InnoDB DEFAULT CHARSET=latin1;

-- --------------------------------------------------------

--
-- Table structure for table `bankings`
--

CREATE TABLE IF NOT EXISTS `bankings` (
  `id` int(11) NOT NULL,
  `date_banked` date NOT NULL,
  `amount` int(11) NOT NULL,
  `slip_no` varchar(45) NOT NULL,
  `comments` varchar(45) DEFAULT NULL,
  `date_collected` date NOT NULL,
  `transaction` datetime NOT NULL
) ENGINE=InnoDB DEFAULT CHARSET=latin1;

-- --------------------------------------------------------

--
-- Table structure for table `bill_transactions`
--

CREATE TABLE IF NOT EXISTS `bill_transactions` (
  `id` int(11) NOT NULL,
  `amount_debit` int(11) NOT NULL,
  `date_paid` date NOT NULL,
  `bill_id` int(11) NOT NULL,
  `amount_credit` int(11) NOT NULL,
  `naration` varchar(45) NOT NULL,
  `receipt_no` varchar(45) NOT NULL,
  `status_billed` tinyint(1) NOT NULL
) ENGINE=InnoDB AUTO_INCREMENT=761 DEFAULT CHARSET=latin1;

--
-- Dumping data for table `bill_transactions`
--

INSERT INTO `bill_transactions` (`id`, `amount_debit`, `date_paid`, `bill_id`, `amount_credit`, `naration`, `receipt_no`, `status_billed`) VALUES
(1, -3000, '2015-12-12', 1, 0, 'shares', '1111', 1),
(2, -3000, '2015-12-12', 2, 0, 'shares', '1112', 1),
(3, -3000, '2015-12-13', 3, 0, 'shares', '1113', 1),
(4, -3000, '2015-12-13', 4, 0, 'shares', '1114', 1),
(5, -3000, '2015-12-14', 5, 0, 'shares', '1115', 1),
(6, -3000, '2015-12-14', 6, 0, 'shares', '1116', 1),
(7, -3000, '2015-12-15', 7, 0, 'shares', '1117', 1),
(8, -3000, '2015-12-15', 8, 0, 'shares', '1118', 1),
(9, -3000, '2015-12-16', 9, 0, 'shares', '1119', 1),
(10, -3000, '2015-12-16', 10, 0, 'shares', '1120', 1),
(11, -3000, '2015-12-17', 11, 0, 'shares', '1121', 1),
(12, -3000, '2015-12-17', 12, 0, 'shares', '1122', 1),
(13, -3000, '2015-12-18', 13, 0, 'shares', '1123', 1),
(14, -3000, '2015-12-18', 14, 0, 'shares', '1124', 1),
(15, -3000, '2015-12-19', 15, 0, 'shares', '1125', 1),
(16, -3000, '2015-12-19', 16, 0, 'shares', '1126', 1),
(17, -3000, '2015-12-20', 17, 0, 'shares', '1127', 1),
(18, -3000, '2015-12-20', 18, 0, 'shares', '1128', 1),
(19, -3000, '2015-12-21', 19, 0, 'shares', '1129', 1),
(20, -3000, '2015-12-21', 20, 0, 'shares', '1130', 1),
(21, -3000, '2015-12-22', 21, 0, 'shares', '1131', 1),
(22, -3000, '2015-12-22', 22, 0, 'shares', '1132', 1),
(23, -3000, '2015-12-23', 23, 0, 'shares', '1133', 1),
(24, -3000, '2015-12-23', 24, 0, 'shares', '1134', 1),
(25, -3000, '2015-12-24', 25, 0, 'shares', '1135', 1),
(26, -3000, '2015-12-24', 26, 0, 'shares', '1136', 1),
(27, -3000, '2015-12-25', 27, 0, 'shares', '1137', 1),
(28, -3000, '2015-12-25', 28, 0, 'shares', '1138', 1),
(29, -3000, '2015-12-26', 29, 0, 'shares', '1139', 1),
(30, -3000, '2015-12-26', 30, 0, 'shares', '1140', 1),
(31, -3000, '2015-12-27', 31, 0, 'shares', '1141', 1),
(32, -3000, '2015-12-27', 32, 0, 'shares', '1142', 1),
(33, -3000, '2015-12-28', 33, 0, 'shares', '1143', 1),
(34, -3000, '2015-12-28', 34, 0, 'shares', '1144', 1),
(35, -3000, '2015-12-29', 35, 0, 'shares', '1145', 1),
(36, -3000, '2015-12-29', 36, 0, 'shares', '1146', 1),
(37, -3000, '2015-12-30', 37, 0, 'shares', '1147', 1),
(38, -3000, '2015-12-30', 38, 0, 'shares', '1148', 1),
(39, -3000, '2015-12-31', 39, 0, 'shares', '1149', 1),
(40, -3000, '2015-12-31', 40, 0, 'shares', '1150', 1),
(41, -3000, '0000-00-00', 41, 0, 'shares', '1151', 1),
(42, -3000, '0000-00-00', 42, 0, 'shares', '1152', 1),
(43, -3000, '0000-00-00', 43, 0, 'shares', '1153', 1),
(44, -3000, '0000-00-00', 44, 0, 'shares', '1154', 1),
(45, -3000, '0000-00-00', 45, 0, 'shares', '1155', 1),
(46, -3000, '0000-00-00', 46, 0, 'shares', '1156', 1),
(47, -3000, '0000-00-00', 47, 0, 'shares', '1157', 1),
(48, -3000, '0000-00-00', 48, 0, 'shares', '1158', 1),
(49, -3000, '0000-00-00', 49, 0, 'shares', '1159', 1),
(50, -3000, '0000-00-00', 50, 0, 'shares', '1160', 1),
(51, -3000, '0000-00-00', 51, 0, 'shares', '1161', 1),
(52, -3000, '0000-00-00', 52, 0, 'shares', '1162', 1),
(53, -3000, '0000-00-00', 53, 0, 'shares', '1163', 1),
(54, -3000, '0000-00-00', 54, 0, 'shares', '1164', 1),
(55, -3000, '0000-00-00', 55, 0, 'shares', '1165', 1),
(56, -3000, '0000-00-00', 56, 0, 'shares', '1166', 1),
(57, -3000, '0000-00-00', 57, 0, 'shares', '1167', 1),
(58, -3000, '0000-00-00', 58, 0, 'shares', '1168', 1),
(59, -3000, '0000-00-00', 59, 0, 'shares', '1169', 1),
(60, -3000, '0000-00-00', 60, 0, 'shares', '1170', 1),
(61, -3000, '0000-00-00', 61, 0, 'shares', '1171', 1),
(62, -3000, '0000-00-00', 62, 0, 'shares', '1172', 1),
(63, -3000, '0000-00-00', 62, 0, 'shares', '1173', 1),
(64, -3000, '0000-00-00', 64, 0, 'shares', '1174', 1),
(65, -3000, '0000-00-00', 65, 0, 'shares', '1175', 1),
(66, -3000, '0000-00-00', 66, 0, 'shares', '1176', 1),
(67, -3000, '0000-00-00', 67, 0, 'shares', '1177', 1),
(68, -3000, '0000-00-00', 68, 0, 'shares', '1178', 1),
(69, -3000, '0000-00-00', 69, 0, 'shares', '1179', 1),
(70, -3000, '0000-00-00', 70, 0, 'shares', '1180', 1),
(71, -3000, '0000-00-00', 71, 0, 'shares', '1181', 1),
(72, -3000, '0000-00-00', 72, 0, 'shares', '1182', 1),
(73, -3000, '0000-00-00', 73, 0, 'shares', '1183', 1),
(74, -3000, '0000-00-00', 74, 0, 'shares', '1184', 1),
(75, -3000, '0000-00-00', 75, 0, 'shares', '1185', 1),
(76, -3000, '0000-00-00', 76, 0, 'shares', '1186', 1),
(77, -3000, '0000-00-00', 77, 0, 'shares', '1187', 1),
(78, -3000, '0000-00-00', 78, 0, 'shares', '1188', 1),
(79, -3000, '0000-00-00', 79, 0, 'shares', '1189', 1),
(80, -3000, '0000-00-00', 80, 0, 'shares', '1190', 1),
(81, -3000, '0000-00-00', 81, 0, 'shares', '1191', 1),
(82, -3000, '0000-00-00', 82, 0, 'shares', '1192', 1),
(83, -3000, '0000-00-00', 83, 0, 'shares', '1193', 1),
(84, -3000, '0000-00-00', 84, 0, 'shares', '1194', 1),
(85, -3000, '0000-00-00', 85, 0, 'shares', '1195', 1),
(86, -3000, '0000-00-00', 86, 0, 'shares', '1196', 1),
(87, -3000, '0000-00-00', 87, 0, 'shares', '1197', 1),
(88, -3000, '0000-00-00', 88, 0, 'shares', '1198', 1),
(89, -3000, '0000-00-00', 89, 0, 'shares', '1199', 1),
(90, -3000, '0000-00-00', 90, 0, 'shares', '1200', 1),
(91, -3000, '0000-00-00', 91, 0, 'shares', '1201', 1),
(92, -3000, '0000-00-00', 92, 0, 'shares', '1202', 1),
(93, -3000, '0000-00-00', 93, 0, 'shares', '1203', 1),
(94, -3000, '0000-00-00', 94, 0, 'shares', '1204', 1),
(95, -3000, '0000-00-00', 95, 0, 'shares', '1205', 1),
(96, -3000, '0000-00-00', 96, 0, 'shares', '1206', 1),
(97, -3000, '0000-00-00', 97, 0, 'shares', '1207', 1),
(98, -3000, '0000-00-00', 98, 0, 'shares', '1208', 1),
(99, -3000, '0000-00-00', 99, 0, 'shares', '1209', 1),
(100, -3000, '0000-00-00', 100, 0, 'shares', '1210', 1),
(101, -3000, '0000-00-00', 101, 0, 'shares', '1211', 1),
(102, -3000, '0000-00-00', 102, 0, 'shares', '1212', 1),
(103, -3000, '0000-00-00', 103, 0, 'shares', '1213', 1),
(104, -3000, '0000-00-00', 104, 0, 'shares', '1214', 1),
(105, -3000, '0000-00-00', 105, 0, 'shares', '1215', 1),
(106, -3000, '0000-00-00', 106, 0, 'shares', '1216', 1),
(107, -3000, '0000-00-00', 107, 0, 'shares', '1217', 1),
(108, -3000, '0000-00-00', 108, 0, 'shares', '1218', 1),
(109, -3000, '0000-00-00', 109, 0, 'shares', '1219', 1),
(110, -3000, '0000-00-00', 110, 0, 'shares', '1220', 1),
(111, -3000, '0000-00-00', 111, 0, 'shares', '1221', 1),
(112, -3000, '0000-00-00', 112, 0, 'shares', '1222', 1),
(113, -3000, '0000-00-00', 113, 0, 'shares', '1223', 1),
(114, -3000, '0000-00-00', 114, 0, 'shares', '1224', 1),
(115, -3000, '0000-00-00', 115, 0, 'shares', '1225', 1),
(116, -3000, '0000-00-00', 116, 0, 'shares', '1226', 1),
(117, -3000, '0000-00-00', 117, 0, 'shares', '1227', 1),
(118, -3000, '0000-00-00', 118, 0, 'shares', '1228', 1),
(119, -3000, '0000-00-00', 119, 0, 'shares', '1229', 1),
(120, -3000, '0000-00-00', 120, 0, 'shares', '1230', 1),
(121, -3000, '0000-00-00', 121, 0, 'shares', '1231', 1),
(122, -3000, '0000-00-00', 122, 0, 'shares', '1232', 1),
(123, -3000, '0000-00-00', 123, 0, 'shares', '1233', 1),
(124, -3000, '0000-00-00', 124, 0, 'shares', '1234', 1),
(125, -3000, '0000-00-00', 125, 0, 'shares', '1235', 1),
(126, -3000, '0000-00-00', 126, 0, 'shares', '1236', 1),
(127, -3000, '0000-00-00', 127, 0, 'shares', '1237', 1),
(128, -3000, '0000-00-00', 128, 0, 'shares', '1238', 1),
(129, -3000, '0000-00-00', 129, 0, 'shares', '1239', 1),
(130, -3000, '0000-00-00', 130, 0, 'shares', '1240', 1),
(131, -3000, '0000-00-00', 131, 0, 'shares', '1241', 1),
(132, -3000, '0000-00-00', 132, 0, 'shares', '1242', 1),
(133, -3000, '0000-00-00', 133, 0, 'shares', '1243', 1),
(134, -3000, '0000-00-00', 134, 0, 'shares', '1244', 1),
(135, -3000, '0000-00-00', 135, 0, 'shares', '1245', 1),
(136, -3000, '0000-00-00', 136, 0, 'shares', '1246', 1),
(137, -3000, '0000-00-00', 137, 0, 'shares', '1247', 1),
(138, -3000, '0000-00-00', 138, 0, 'shares', '1248', 1),
(139, -3000, '0000-00-00', 139, 0, 'shares', '1249', 1),
(140, -3000, '0000-00-00', 140, 0, 'shares', '1250', 1),
(141, -3000, '0000-00-00', 141, 0, 'shares', '1251', 1),
(142, -3000, '0000-00-00', 142, 0, 'shares', '1252', 1),
(143, -3000, '0000-00-00', 143, 0, 'shares', '1253', 1),
(144, -3000, '0000-00-00', 144, 0, 'shares', '1254', 1),
(145, -3000, '0000-00-00', 145, 0, 'shares', '1255', 1),
(146, -3000, '0000-00-00', 146, 0, 'shares', '1256', 1),
(147, -3000, '0000-00-00', 147, 0, 'shares', '1257', 1),
(148, -3000, '0000-00-00', 148, 0, 'shares', '1258', 1),
(149, -3000, '0000-00-00', 149, 0, 'shares', '1259', 1),
(150, -3000, '0000-00-00', 150, 0, 'shares', '1260', 1),
(151, -3000, '0000-00-00', 151, 0, 'shares', '1261', 1),
(152, -3000, '0000-00-00', 152, 0, 'shares', '1262', 1),
(153, -3000, '0000-00-00', 153, 0, 'shares', '1263', 1),
(154, -3000, '0000-00-00', 154, 0, 'shares', '1264', 1),
(155, -3000, '0000-00-00', 155, 0, 'shares', '1265', 1),
(156, -3000, '0000-00-00', 156, 0, 'shares', '1266', 1),
(157, -3000, '0000-00-00', 157, 0, 'shares', '1267', 1),
(158, -3000, '0000-00-00', 158, 0, 'shares', '1268', 1),
(159, -3000, '0000-00-00', 159, 0, 'shares', '1269', 1),
(160, -3000, '0000-00-00', 160, 0, 'shares', '1270', 1),
(161, -3000, '0000-00-00', 161, 0, 'shares', '1271', 1),
(162, -3000, '0000-00-00', 162, 0, 'shares', '1272', 1),
(163, -3000, '0000-00-00', 163, 0, 'shares', '1273', 1),
(164, -3000, '0000-00-00', 164, 0, 'shares', '1274', 1),
(165, -3000, '0000-00-00', 165, 0, 'shares', '1275', 1),
(166, -3000, '0000-00-00', 166, 0, 'shares', '1276', 1),
(167, -3000, '0000-00-00', 167, 0, 'shares', '1277', 1),
(168, -3000, '0000-00-00', 168, 0, 'shares', '1278', 1),
(169, -3000, '0000-00-00', 169, 0, 'shares', '1279', 1),
(170, -3000, '0000-00-00', 170, 0, 'shares', '1280', 1),
(171, -3000, '0000-00-00', 171, 0, 'shares', '1281', 1),
(172, -3000, '0000-00-00', 172, 0, 'shares', '1282', 1),
(173, -3000, '0000-00-00', 173, 0, 'shares', '1283', 1),
(174, -3000, '0000-00-00', 174, 0, 'shares', '1284', 1),
(175, -3000, '0000-00-00', 175, 0, 'shares', '1285', 1),
(176, -3000, '0000-00-00', 176, 0, 'shares', '1286', 1),
(177, -3000, '0000-00-00', 177, 0, 'shares', '1287', 1),
(178, -3000, '0000-00-00', 178, 0, 'shares', '1288', 1),
(179, -3000, '0000-00-00', 179, 0, 'shares', '1289', 1),
(180, -3000, '0000-00-00', 180, 0, 'shares', '1290', 1),
(181, -3000, '0000-00-00', 181, 0, 'shares', '1291', 1),
(182, -3000, '0000-00-00', 182, 0, 'shares', '1292', 1),
(183, -3000, '0000-00-00', 183, 0, 'shares', '1293', 1),
(184, -3000, '0000-00-00', 184, 0, 'shares', '1294', 1),
(185, -3000, '0000-00-00', 185, 0, 'shares', '1295', 1),
(186, -3000, '0000-00-00', 186, 0, 'shares', '1296', 1),
(187, -3000, '0000-00-00', 187, 0, 'shares', '1297', 1),
(188, -3000, '0000-00-00', 188, 0, 'shares', '1298', 1),
(189, -3000, '2015-12-12', 189, 0, 'shares', '1299', 1),
(190, -3000, '2015-12-12', 190, 0, 'shares', '1300', 1),
(191, -1000, '2015-12-13', 191, 0, 'registration', '1301', 1),
(192, -1000, '2015-12-13', 192, 0, 'registration', '1302', 1),
(193, -1000, '2015-12-14', 193, 0, 'registration', '1303', 1),
(194, -1000, '2015-12-14', 194, 0, 'registration', '1304', 1),
(195, -1000, '2015-12-15', 195, 0, 'registration', '1305', 1),
(196, -1000, '2015-12-15', 196, 0, 'registration', '1306', 1),
(197, -1000, '2015-12-16', 197, 0, 'registration', '1307', 1),
(198, -1000, '2015-12-16', 198, 0, 'registration', '1308', 1),
(199, -1000, '2015-12-17', 199, 0, 'registration', '1309', 1),
(200, -1000, '2015-12-17', 200, 0, 'registration', '1310', 1),
(201, -1000, '2015-12-18', 201, 0, 'registration', '1311', 1),
(202, -1000, '2015-12-18', 202, 0, 'registration', '1312', 1),
(203, -1000, '2015-12-19', 203, 0, 'registration', '1313', 1),
(204, -1000, '2015-12-19', 204, 0, 'registration', '1314', 1),
(205, -1000, '2015-12-20', 205, 0, 'registration', '1315', 1),
(206, -1000, '2015-12-20', 206, 0, 'registration', '1316', 1),
(207, -1000, '2015-12-21', 207, 0, 'registration', '1317', 1),
(208, -1000, '2015-12-21', 208, 0, 'registration', '1318', 1),
(209, -1000, '2015-12-22', 209, 0, 'registration', '1319', 1),
(210, -1000, '2015-12-22', 210, 0, 'registration', '1320', 1),
(211, -1000, '2015-12-23', 211, 0, 'registration', '1321', 1),
(212, -1000, '2015-12-23', 212, 0, 'registration', '1322', 1),
(213, -1000, '2015-12-24', 213, 0, 'registration', '1323', 1),
(214, -1000, '2015-12-24', 214, 0, 'registration', '1324', 1),
(215, -1000, '2015-12-25', 215, 0, 'registration', '1325', 1),
(216, -1000, '2015-12-25', 216, 0, 'registration', '1326', 1),
(217, -1000, '2015-12-26', 217, 0, 'registration', '1327', 1),
(218, -1000, '2015-12-26', 218, 0, 'registration', '1328', 1),
(219, -1000, '2015-12-27', 219, 0, 'registration', '1329', 1),
(220, -1000, '2015-12-27', 220, 0, 'registration', '1330', 1),
(221, -1000, '2015-12-28', 221, 0, 'registration', '1331', 1),
(222, -1000, '2015-12-28', 222, 0, 'registration', '1332', 1),
(223, -1000, '2015-12-29', 223, 0, 'registration', '1333', 1),
(224, -1000, '2015-12-29', 224, 0, 'registration', '1334', 1),
(225, -1000, '2015-12-30', 225, 0, 'registration', '1335', 1),
(226, -1000, '2015-12-30', 226, 0, 'registration', '1336', 1),
(227, -1000, '2015-12-31', 227, 0, 'registration', '1337', 1),
(228, -1000, '2015-12-31', 228, 0, 'registration', '1338', 1),
(229, -1000, '0000-00-00', 229, 0, 'registration', '1339', 1),
(230, -1000, '0000-00-00', 230, 0, 'registration', '1340', 1),
(231, -1000, '0000-00-00', 231, 0, 'registration', '1341', 1),
(232, -1000, '0000-00-00', 232, 0, 'registration', '1342', 1),
(233, -1000, '0000-00-00', 233, 0, 'registration', '1343', 1),
(234, -1000, '0000-00-00', 234, 0, 'registration', '1344', 1),
(235, -1000, '0000-00-00', 235, 0, 'registration', '1345', 1),
(236, -1000, '0000-00-00', 236, 0, 'registration', '1346', 1),
(237, -1000, '0000-00-00', 237, 0, 'registration', '1347', 1),
(238, -1000, '0000-00-00', 238, 0, 'registration', '1348', 1),
(239, -1000, '0000-00-00', 239, 0, 'registration', '1349', 1),
(240, -1000, '0000-00-00', 240, 0, 'registration', '1350', 1),
(241, -1000, '0000-00-00', 241, 0, 'registration', '1351', 1),
(242, -1000, '0000-00-00', 242, 0, 'registration', '1352', 1),
(243, -1000, '0000-00-00', 243, 0, 'registration', '1353', 1),
(244, -1000, '0000-00-00', 244, 0, 'registration', '1354', 1),
(245, -1000, '0000-00-00', 245, 0, 'registration', '1355', 1),
(246, -1000, '0000-00-00', 246, 0, 'registration', '1356', 1),
(247, -1000, '0000-00-00', 247, 0, 'registration', '1357', 1),
(248, -1000, '0000-00-00', 248, 0, 'registration', '1358', 1),
(249, -1000, '0000-00-00', 249, 0, 'registration', '1359', 1),
(250, -1000, '0000-00-00', 250, 0, 'registration', '1360', 1),
(251, -1000, '0000-00-00', 251, 0, 'registration', '1361', 1),
(252, -1000, '0000-00-00', 252, 0, 'registration', '1362', 1),
(253, -1000, '0000-00-00', 253, 0, 'registration', '1363', 1),
(254, -1000, '0000-00-00', 254, 0, 'registration', '1364', 1),
(255, -1000, '0000-00-00', 255, 0, 'registration', '1365', 1),
(256, -1000, '0000-00-00', 256, 0, 'registration', '1366', 1),
(257, -1000, '0000-00-00', 257, 0, 'registration', '1367', 1),
(258, -1000, '0000-00-00', 258, 0, 'registration', '1368', 1),
(259, -1000, '0000-00-00', 259, 0, 'registration', '1369', 1),
(260, -1000, '0000-00-00', 260, 0, 'registration', '1370', 1),
(261, -1000, '0000-00-00', 261, 0, 'registration', '1371', 1),
(262, -1000, '0000-00-00', 262, 0, 'registration', '1372', 1),
(263, -1000, '0000-00-00', 263, 0, 'registration', '1373', 1),
(264, -1000, '0000-00-00', 264, 0, 'registration', '1374', 1),
(265, -1000, '0000-00-00', 265, 0, 'registration', '1375', 1),
(266, -1000, '0000-00-00', 266, 0, 'registration', '1376', 1),
(267, -1000, '0000-00-00', 267, 0, 'registration', '1377', 1),
(268, -1000, '0000-00-00', 268, 0, 'registration', '1378', 1),
(269, -1000, '0000-00-00', 269, 0, 'registration', '1379', 1),
(270, -1000, '0000-00-00', 270, 0, 'registration', '1380', 1),
(271, -1000, '0000-00-00', 271, 0, 'registration', '1381', 1),
(272, -1000, '0000-00-00', 272, 0, 'registration', '1382', 1),
(273, -1000, '0000-00-00', 273, 0, 'registration', '1383', 1),
(274, -1000, '0000-00-00', 274, 0, 'registration', '1384', 1),
(275, -1000, '0000-00-00', 275, 0, 'registration', '1385', 1),
(276, -1000, '0000-00-00', 276, 0, 'registration', '1386', 1),
(277, -1000, '0000-00-00', 277, 0, 'registration', '1387', 1),
(278, -1000, '0000-00-00', 278, 0, 'registration', '1388', 1),
(279, -1000, '0000-00-00', 279, 0, 'registration', '1389', 1),
(280, -1000, '0000-00-00', 280, 0, 'registration', '1390', 1),
(281, -1000, '0000-00-00', 281, 0, 'registration', '1391', 1),
(282, -1000, '0000-00-00', 282, 0, 'registration', '1392', 1),
(283, -1000, '0000-00-00', 283, 0, 'registration', '1393', 1),
(284, -1000, '0000-00-00', 284, 0, 'registration', '1394', 1),
(285, -1000, '0000-00-00', 285, 0, 'registration', '1395', 1),
(286, -1000, '0000-00-00', 286, 0, 'registration', '1396', 1),
(287, -1000, '0000-00-00', 287, 0, 'registration', '1397', 1),
(288, -1000, '0000-00-00', 288, 0, 'registration', '1398', 1),
(289, -1000, '0000-00-00', 289, 0, 'registration', '1399', 1),
(290, -1000, '0000-00-00', 290, 0, 'registration', '1400', 1),
(291, -1000, '0000-00-00', 291, 0, 'registration', '1401', 1),
(292, -1000, '0000-00-00', 292, 0, 'registration', '1402', 1),
(293, -1000, '0000-00-00', 293, 0, 'registration', '1403', 1),
(294, -1000, '0000-00-00', 294, 0, 'registration', '1404', 1),
(295, -1000, '0000-00-00', 295, 0, 'registration', '1405', 1),
(296, -1000, '0000-00-00', 296, 0, 'registration', '1406', 1),
(297, -1000, '0000-00-00', 297, 0, 'registration', '1407', 1),
(298, -1000, '0000-00-00', 298, 0, 'registration', '1408', 1),
(299, -1000, '0000-00-00', 299, 0, 'registration', '1409', 1),
(300, -1000, '0000-00-00', 300, 0, 'registration', '1410', 1),
(301, -1000, '0000-00-00', 301, 0, 'registration', '1411', 1),
(302, -1000, '0000-00-00', 302, 0, 'registration', '1412', 1),
(303, -1000, '0000-00-00', 303, 0, 'registration', '1413', 1),
(304, -1000, '0000-00-00', 304, 0, 'registration', '1414', 1),
(305, -1000, '0000-00-00', 305, 0, 'registration', '1415', 1),
(306, -1000, '0000-00-00', 306, 0, 'registration', '1416', 1),
(307, -1000, '0000-00-00', 307, 0, 'registration', '1417', 1),
(308, -1000, '0000-00-00', 308, 0, 'registration', '1418', 1),
(309, -1000, '0000-00-00', 309, 0, 'registration', '1419', 1),
(310, -1000, '0000-00-00', 310, 0, 'registration', '1420', 1),
(311, -1000, '0000-00-00', 311, 0, 'registration', '1421', 1),
(312, -1000, '0000-00-00', 312, 0, 'registration', '1422', 1),
(313, -1000, '0000-00-00', 313, 0, 'registration', '1423', 1),
(314, -1000, '0000-00-00', 314, 0, 'registration', '1424', 1),
(315, -1000, '0000-00-00', 315, 0, 'registration', '1425', 1),
(316, -1000, '0000-00-00', 316, 0, 'registration', '1426', 1),
(317, -1000, '0000-00-00', 317, 0, 'registration', '1427', 1),
(318, -1000, '0000-00-00', 318, 0, 'registration', '1428', 1),
(319, -1000, '0000-00-00', 319, 0, 'registration', '1429', 1),
(320, -1000, '0000-00-00', 320, 0, 'registration', '1430', 1),
(321, -1000, '0000-00-00', 321, 0, 'registration', '1431', 1),
(322, -1000, '0000-00-00', 322, 0, 'registration', '1432', 1),
(323, -1000, '0000-00-00', 323, 0, 'registration', '1433', 1),
(324, -1000, '0000-00-00', 324, 0, 'registration', '1434', 1),
(325, -1000, '0000-00-00', 325, 0, 'registration', '1435', 1),
(326, -1000, '0000-00-00', 326, 0, 'registration', '1436', 1),
(327, -1000, '0000-00-00', 327, 0, 'registration', '1437', 1),
(328, -1000, '0000-00-00', 328, 0, 'registration', '1438', 1),
(329, -1000, '0000-00-00', 329, 0, 'registration', '1439', 1),
(330, -1000, '0000-00-00', 330, 0, 'registration', '1440', 1),
(331, -1000, '0000-00-00', 331, 0, 'registration', '1441', 1),
(332, -1000, '0000-00-00', 332, 0, 'registration', '1442', 1),
(333, -1000, '0000-00-00', 333, 0, 'registration', '1443', 1),
(334, -1000, '0000-00-00', 334, 0, 'registration', '1444', 1),
(335, -1000, '0000-00-00', 335, 0, 'registration', '1445', 1),
(336, -1000, '0000-00-00', 336, 0, 'registration', '1446', 1),
(337, -1000, '0000-00-00', 337, 0, 'registration', '1447', 1),
(338, -1000, '0000-00-00', 338, 0, 'registration', '1448', 1),
(339, -1000, '0000-00-00', 339, 0, 'registration', '1449', 1),
(340, -1000, '0000-00-00', 340, 0, 'registration', '1450', 1),
(341, -1000, '0000-00-00', 341, 0, 'registration', '1451', 1),
(342, -1000, '0000-00-00', 342, 0, 'registration', '1452', 1),
(343, -1000, '0000-00-00', 343, 0, 'registration', '1453', 1),
(344, -1000, '0000-00-00', 344, 0, 'registration', '1454', 1),
(345, -1000, '0000-00-00', 345, 0, 'registration', '1455', 1),
(346, -1000, '0000-00-00', 346, 0, 'registration', '1456', 1),
(347, -1000, '0000-00-00', 347, 0, 'registration', '1457', 1),
(348, -1000, '0000-00-00', 348, 0, 'registration', '1458', 1),
(349, -1000, '0000-00-00', 349, 0, 'registration', '1459', 1),
(350, -1000, '0000-00-00', 350, 0, 'registration', '1460', 1),
(351, -1000, '0000-00-00', 351, 0, 'registration', '1461', 1),
(352, -1000, '0000-00-00', 352, 0, 'registration', '1462', 1),
(353, -1000, '0000-00-00', 353, 0, 'registration', '1463', 1),
(354, -1000, '0000-00-00', 354, 0, 'registration', '1464', 1),
(355, -1000, '0000-00-00', 355, 0, 'registration', '1465', 1),
(356, -1000, '0000-00-00', 356, 0, 'registration', '1466', 1),
(357, -1000, '0000-00-00', 357, 0, 'registration', '1467', 1),
(358, -1000, '0000-00-00', 358, 0, 'registration', '1468', 1),
(359, -1000, '0000-00-00', 359, 0, 'registration', '1469', 1),
(360, -1000, '0000-00-00', 360, 0, 'registration', '1470', 1),
(361, -1000, '0000-00-00', 361, 0, 'registration', '1471', 1),
(362, -1000, '0000-00-00', 362, 0, 'registration', '1472', 1),
(363, -1000, '0000-00-00', 363, 0, 'registration', '1473', 1),
(364, -1000, '0000-00-00', 364, 0, 'registration', '1474', 1),
(365, -1000, '0000-00-00', 365, 0, 'registration', '1475', 1),
(366, -1000, '0000-00-00', 366, 0, 'registration', '1476', 1),
(367, -1000, '0000-00-00', 367, 0, 'registration', '1477', 1),
(368, -1000, '0000-00-00', 368, 0, 'registration', '1478', 1),
(369, -1000, '0000-00-00', 369, 0, 'registration', '1479', 1),
(370, -1000, '0000-00-00', 370, 0, 'registration', '1480', 1),
(371, -1000, '0000-00-00', 371, 0, 'registration', '1481', 1),
(372, -1000, '0000-00-00', 372, 0, 'registration', '1482', 1),
(373, -1000, '0000-00-00', 373, 0, 'registration', '1483', 1),
(374, -1000, '0000-00-00', 374, 0, 'registration', '1484', 1),
(375, -1000, '0000-00-00', 375, 0, 'registration', '1485', 1),
(376, -1000, '0000-00-00', 376, 0, 'registration', '1486', 1),
(377, -1000, '0000-00-00', 377, 0, 'registration', '1487', 1),
(378, -1000, '0000-00-00', 378, 0, 'registration', '1488', 1),
(379, -1000, '0000-00-00', 379, 0, 'registration', '1489', 1),
(380, -1000, '0000-00-00', 380, 0, 'registration', '1490', 1),
(381, 0, '2015-12-12', 1, 3000, 'shares', '1111', 1),
(382, 0, '2015-12-12', 2, 3000, 'shares', '1112', 1),
(383, 0, '2015-12-13', 3, 3000, 'shares', '1113', 1),
(384, 0, '2015-12-13', 4, 3000, 'shares', '1114', 1),
(385, 0, '2015-12-14', 5, 3000, 'shares', '1115', 1),
(386, 0, '2015-12-14', 6, 3000, 'shares', '1116', 1),
(387, 0, '2015-12-15', 7, 3000, 'shares', '1117', 1),
(388, 0, '2015-12-15', 8, 3000, 'shares', '1118', 1),
(389, 0, '2015-12-16', 9, 3000, 'shares', '1119', 1),
(390, 0, '2015-12-16', 10, 3000, 'shares', '1120', 1),
(391, 0, '2015-12-17', 11, 3000, 'shares', '1121', 1),
(392, 0, '2015-12-17', 12, 3000, 'shares', '1122', 1),
(393, 0, '2015-12-18', 13, 3000, 'shares', '1123', 1),
(394, 0, '2015-12-18', 14, 3000, 'shares', '1124', 1),
(395, 0, '2015-12-19', 15, 3000, 'shares', '1125', 1),
(396, 0, '2015-12-19', 16, 3000, 'shares', '1126', 1),
(397, 0, '2015-12-20', 17, 3000, 'shares', '1127', 1),
(398, 0, '2015-12-20', 18, 3000, 'shares', '1128', 1),
(399, 0, '2015-12-21', 19, 3000, 'shares', '1129', 1),
(400, 0, '2015-12-21', 20, 3000, 'shares', '1130', 1),
(401, 0, '2015-12-22', 21, 3000, 'shares', '1131', 1),
(402, 0, '2015-12-22', 22, 3000, 'shares', '1132', 1),
(403, 0, '2015-12-23', 23, 3000, 'shares', '1133', 1),
(404, 0, '2015-12-23', 24, 3000, 'shares', '1134', 1),
(405, 0, '2015-12-24', 25, 3000, 'shares', '1135', 1),
(406, 0, '2015-12-24', 26, 3000, 'shares', '1136', 1),
(407, 0, '2015-12-25', 27, 3000, 'shares', '1137', 1),
(408, 0, '2015-12-25', 28, 3000, 'shares', '1138', 1),
(409, 0, '2015-12-26', 29, 3000, 'shares', '1139', 1),
(410, 0, '2015-12-26', 30, 3000, 'shares', '1140', 1),
(411, 0, '2015-12-27', 31, 3000, 'shares', '1141', 1),
(412, 0, '2015-12-27', 32, 3000, 'shares', '1142', 1),
(413, 0, '2015-12-28', 33, 3000, 'shares', '1143', 1),
(414, 0, '2015-12-28', 34, 3000, 'shares', '1144', 1),
(415, 0, '2015-12-29', 35, 3000, 'shares', '1145', 1),
(416, 0, '2015-12-29', 36, 3000, 'shares', '1146', 1),
(417, 0, '2015-12-30', 37, 3000, 'shares', '1147', 1),
(418, 0, '2015-12-30', 38, 3000, 'shares', '1148', 1),
(419, 0, '2015-12-31', 39, 3000, 'shares', '1149', 1),
(420, 0, '2015-12-31', 40, 3000, 'shares', '1150', 1),
(421, 0, '0000-00-00', 41, 3000, 'shares', '1151', 1),
(422, 0, '0000-00-00', 42, 3000, 'shares', '1152', 1),
(423, 0, '0000-00-00', 43, 3000, 'shares', '1153', 1),
(424, 0, '0000-00-00', 44, 3000, 'shares', '1154', 1),
(425, 0, '0000-00-00', 45, 3000, 'shares', '1155', 1),
(426, 0, '0000-00-00', 46, 3000, 'shares', '1156', 1),
(427, 0, '0000-00-00', 47, 3000, 'shares', '1157', 1),
(428, 0, '0000-00-00', 48, 3000, 'shares', '1158', 1),
(429, 0, '0000-00-00', 49, 3000, 'shares', '1159', 1),
(430, 0, '0000-00-00', 50, 3000, 'shares', '1160', 1),
(431, 0, '0000-00-00', 51, 3000, 'shares', '1161', 1),
(432, 0, '0000-00-00', 52, 3000, 'shares', '1162', 1),
(433, 0, '0000-00-00', 53, 3000, 'shares', '1163', 1),
(434, 0, '0000-00-00', 54, 3000, 'shares', '1164', 1),
(435, 0, '0000-00-00', 55, 3000, 'shares', '1165', 1),
(436, 0, '0000-00-00', 56, 3000, 'shares', '1166', 1),
(437, 0, '0000-00-00', 57, 3000, 'shares', '1167', 1),
(438, 0, '0000-00-00', 58, 3000, 'shares', '1168', 1),
(439, 0, '0000-00-00', 59, 3000, 'shares', '1169', 1),
(440, 0, '0000-00-00', 60, 3000, 'shares', '1170', 1),
(441, 0, '0000-00-00', 61, 3000, 'shares', '1171', 1),
(442, 0, '0000-00-00', 62, 3000, 'shares', '1172', 1),
(443, 0, '0000-00-00', 62, 3000, 'shares', '1173', 1),
(444, 0, '0000-00-00', 64, 3000, 'shares', '1174', 1),
(445, 0, '0000-00-00', 65, 3000, 'shares', '1175', 1),
(446, 0, '0000-00-00', 66, 3000, 'shares', '1176', 1),
(447, 0, '0000-00-00', 67, 3000, 'shares', '1177', 1),
(448, 0, '0000-00-00', 68, 3000, 'shares', '1178', 1),
(449, 0, '0000-00-00', 69, 3000, 'shares', '1179', 1),
(450, 0, '0000-00-00', 70, 3000, 'shares', '1180', 1),
(451, 0, '0000-00-00', 71, 3000, 'shares', '1181', 1),
(452, 0, '0000-00-00', 72, 3000, 'shares', '1182', 1),
(453, 0, '0000-00-00', 73, 3000, 'shares', '1183', 1),
(454, 0, '0000-00-00', 74, 1500, 'shares', '1184', 1),
(455, 0, '0000-00-00', 75, 3000, 'shares', '1185', 1),
(456, 0, '0000-00-00', 76, 3000, 'shares', '1186', 1),
(457, 0, '0000-00-00', 77, 3000, 'shares', '1187', 1),
(458, 0, '0000-00-00', 78, 3000, 'shares', '1188', 1),
(459, 0, '0000-00-00', 79, 3000, 'shares', '1189', 1),
(460, 0, '0000-00-00', 80, 3000, 'shares', '1190', 1),
(461, 0, '0000-00-00', 81, 3000, 'shares', '1191', 1),
(462, 0, '0000-00-00', 82, 3000, 'shares', '1192', 1),
(463, 0, '0000-00-00', 83, 3000, 'shares', '1193', 1),
(464, 0, '0000-00-00', 84, 3000, 'shares', '1194', 1),
(465, 0, '0000-00-00', 85, 3000, 'shares', '1195', 1),
(466, 0, '0000-00-00', 86, 3000, 'shares', '1196', 1),
(467, 0, '0000-00-00', 87, 3000, 'shares', '1197', 1),
(468, 0, '0000-00-00', 88, 3000, 'shares', '1198', 1),
(469, 0, '0000-00-00', 89, 3000, 'shares', '1199', 1),
(470, 0, '0000-00-00', 90, 3000, 'shares', '1200', 1),
(471, 0, '0000-00-00', 91, 3000, 'shares', '1201', 1),
(472, 0, '0000-00-00', 92, 3000, 'shares', '1202', 1),
(473, 0, '0000-00-00', 93, 1100, 'shares', '1203', 1),
(474, 0, '0000-00-00', 94, 3000, 'shares', '1204', 1),
(475, 0, '0000-00-00', 95, 3000, 'shares', '1205', 1),
(476, 0, '0000-00-00', 96, 3000, 'shares', '1206', 1),
(477, 0, '0000-00-00', 97, 3000, 'shares', '1207', 1),
(478, 0, '0000-00-00', 98, 3000, 'shares', '1208', 1),
(479, 0, '0000-00-00', 99, 3000, 'shares', '1209', 1),
(480, 0, '0000-00-00', 100, 3000, 'shares', '1210', 1),
(481, 0, '0000-00-00', 101, 3000, 'shares', '1211', 1),
(482, 0, '0000-00-00', 102, 3000, 'shares', '1212', 1),
(483, 0, '0000-00-00', 103, 3000, 'shares', '1213', 1),
(484, 0, '0000-00-00', 104, 3000, 'shares', '1214', 1),
(485, 0, '0000-00-00', 105, 3000, 'shares', '1215', 1),
(486, 0, '0000-00-00', 106, 3000, 'shares', '1216', 1),
(487, 0, '0000-00-00', 107, 3000, 'shares', '1217', 1),
(488, 0, '0000-00-00', 108, 1600, 'shares', '1218', 1),
(489, 0, '0000-00-00', 109, 3000, 'shares', '1219', 1),
(490, 0, '0000-00-00', 110, 600, 'shares', '1220', 1),
(491, 0, '0000-00-00', 111, 3000, 'shares', '1221', 1),
(492, 0, '0000-00-00', 112, 3000, 'shares', '1222', 1),
(493, 0, '0000-00-00', 113, 3000, 'shares', '1223', 1),
(494, 0, '0000-00-00', 114, 3000, 'shares', '1224', 1),
(495, 0, '0000-00-00', 115, 3000, 'shares', '1225', 1),
(496, 0, '0000-00-00', 116, 3000, 'shares', '1226', 1),
(497, 0, '0000-00-00', 117, 3000, 'shares', '1227', 1),
(498, 0, '0000-00-00', 118, 3000, 'shares', '1228', 1),
(499, 0, '0000-00-00', 119, 3000, 'shares', '1229', 1),
(500, 0, '0000-00-00', 120, 3000, 'shares', '1230', 1),
(501, 0, '0000-00-00', 121, 3000, 'shares', '1231', 1),
(502, 0, '0000-00-00', 122, 3000, 'shares', '1232', 1),
(503, 0, '0000-00-00', 123, 3000, 'shares', '1233', 1),
(504, 0, '0000-00-00', 124, 3000, 'shares', '1234', 1),
(505, 0, '0000-00-00', 125, 3000, 'shares', '1235', 1),
(506, 0, '0000-00-00', 126, 3000, 'shares', '1236', 1),
(507, 0, '0000-00-00', 127, 3000, 'shares', '1237', 1),
(508, 0, '0000-00-00', 128, 3000, 'shares', '1238', 1),
(509, 0, '0000-00-00', 129, 3000, 'shares', '1239', 1),
(510, 0, '0000-00-00', 130, 3000, 'shares', '1240', 1),
(511, 0, '0000-00-00', 131, 3000, 'shares', '1241', 1),
(512, 0, '0000-00-00', 132, 3000, 'shares', '1242', 1),
(513, 0, '0000-00-00', 133, 3000, 'shares', '1243', 1),
(514, 0, '0000-00-00', 134, 3000, 'shares', '1244', 1),
(515, 0, '0000-00-00', 135, 3000, 'shares', '1245', 1),
(516, 0, '0000-00-00', 136, 3000, 'shares', '1246', 1),
(517, 0, '0000-00-00', 137, 3000, 'shares', '1247', 1),
(518, 0, '0000-00-00', 138, 3000, 'shares', '1248', 1),
(519, 0, '0000-00-00', 139, 3000, 'shares', '1249', 1),
(520, 0, '0000-00-00', 140, 3000, 'shares', '1250', 1),
(521, 0, '0000-00-00', 141, 3000, 'shares', '1251', 1),
(522, 0, '0000-00-00', 142, 3000, 'shares', '1252', 1),
(523, 0, '0000-00-00', 143, 3000, 'shares', '1253', 1),
(524, 0, '0000-00-00', 144, 3000, 'shares', '1254', 1),
(525, 0, '0000-00-00', 145, 3000, 'shares', '1255', 1),
(526, 0, '0000-00-00', 146, 3000, 'shares', '1256', 1),
(527, 0, '0000-00-00', 147, 3000, 'shares', '1257', 1),
(528, 0, '0000-00-00', 148, 3000, 'shares', '1258', 1),
(529, 0, '0000-00-00', 149, 3000, 'shares', '1259', 1),
(530, 0, '0000-00-00', 150, 3000, 'shares', '1260', 1),
(531, 0, '0000-00-00', 151, 3000, 'shares', '1261', 1),
(532, 0, '0000-00-00', 152, 3000, 'shares', '1262', 1),
(533, 0, '0000-00-00', 153, 3000, 'shares', '1263', 1),
(534, 0, '0000-00-00', 154, 3000, 'shares', '1264', 1),
(535, 0, '0000-00-00', 155, 3000, 'shares', '1265', 1),
(536, 0, '0000-00-00', 156, 3000, 'shares', '1266', 1),
(537, 0, '0000-00-00', 157, 3000, 'shares', '1267', 1),
(538, 0, '0000-00-00', 158, 3000, 'shares', '1268', 1),
(539, 0, '0000-00-00', 159, 3000, 'shares', '1269', 1),
(540, 0, '0000-00-00', 160, 3000, 'shares', '1270', 1),
(541, 0, '0000-00-00', 161, 3000, 'shares', '1271', 1),
(542, 0, '0000-00-00', 162, 3000, 'shares', '1272', 1),
(543, 0, '0000-00-00', 163, 3000, 'shares', '1273', 1),
(544, 0, '0000-00-00', 164, 3000, 'shares', '1274', 1),
(545, 0, '0000-00-00', 165, 3000, 'shares', '1275', 1),
(546, 0, '0000-00-00', 166, 3000, 'shares', '1276', 1),
(547, 0, '0000-00-00', 167, 3000, 'shares', '1277', 1),
(548, 0, '0000-00-00', 168, 3000, 'shares', '1278', 1),
(549, 0, '0000-00-00', 169, 3000, 'shares', '1279', 1),
(550, 0, '0000-00-00', 170, 3000, 'shares', '1280', 1),
(551, 0, '0000-00-00', 171, 3000, 'shares', '1281', 1),
(552, 0, '0000-00-00', 172, 3000, 'shares', '1282', 1),
(553, 0, '0000-00-00', 173, 3000, 'shares', '1283', 1),
(554, 0, '0000-00-00', 174, 3000, 'shares', '1284', 1),
(555, 0, '0000-00-00', 175, 3000, 'shares', '1285', 1),
(556, 0, '0000-00-00', 176, 3000, 'shares', '1286', 1),
(557, 0, '0000-00-00', 177, 3000, 'shares', '1287', 1),
(558, 0, '0000-00-00', 178, 3000, 'shares', '1288', 1),
(559, 0, '0000-00-00', 179, 3000, 'shares', '1289', 1),
(560, 0, '0000-00-00', 180, 3000, 'shares', '1290', 1),
(561, 0, '0000-00-00', 181, 3000, 'shares', '1291', 1),
(562, 0, '0000-00-00', 182, 3000, 'shares', '1292', 1),
(563, 0, '0000-00-00', 183, 3000, 'shares', '1293', 1),
(564, 0, '0000-00-00', 184, 3000, 'shares', '1294', 1),
(565, 0, '0000-00-00', 185, 3000, 'shares', '1295', 1),
(566, 0, '0000-00-00', 186, 600, 'shares', '1296', 1),
(567, 0, '0000-00-00', 187, 3000, 'shares', '1297', 1),
(568, 0, '0000-00-00', 188, 3000, 'shares', '1298', 1),
(569, 0, '2015-12-12', 189, 1000, 'shares', '1299', 1),
(570, 0, '2015-12-12', 190, 1000, 'shares', '1300', 1),
(571, 0, '2015-12-13', 191, 1000, 'registration', '1301', 1),
(572, 0, '2015-12-13', 192, 1000, 'registration', '1302', 1),
(573, 0, '2015-12-14', 193, 1000, 'registration', '1303', 1),
(574, 0, '2015-12-14', 194, 1000, 'registration', '1304', 1),
(575, 0, '2015-12-15', 195, 1000, 'registration', '1305', 1),
(576, 0, '2015-12-15', 196, 1000, 'registration', '1306', 1),
(577, 0, '2015-12-16', 197, 1000, 'registration', '1307', 1),
(578, 0, '2015-12-16', 198, 1000, 'registration', '1308', 1),
(579, 0, '2015-12-17', 199, 1000, 'registration', '1309', 1),
(580, 0, '2015-12-17', 200, 1000, 'registration', '1310', 1),
(581, 0, '2015-12-18', 201, 1000, 'registration', '1311', 1),
(582, 0, '2015-12-18', 202, 1000, 'registration', '1312', 1),
(583, 0, '2015-12-19', 203, 1000, 'registration', '1313', 1),
(584, 0, '2015-12-19', 204, 1000, 'registration', '1314', 1),
(585, 0, '2015-12-20', 205, 1000, 'registration', '1315', 1),
(586, 0, '2015-12-20', 206, 1000, 'registration', '1316', 1),
(587, 0, '2015-12-21', 207, 1000, 'registration', '1317', 1),
(588, 0, '2015-12-21', 208, 1000, 'registration', '1318', 1),
(589, 0, '2015-12-22', 209, 1000, 'registration', '1319', 1),
(590, 0, '2015-12-22', 210, 1000, 'registration', '1320', 1),
(591, 0, '2015-12-23', 211, 1000, 'registration', '1321', 1),
(592, 0, '2015-12-23', 212, 1000, 'registration', '1322', 1),
(593, 0, '2015-12-24', 213, 1000, 'registration', '1323', 1),
(594, 0, '2015-12-24', 214, 1000, 'registration', '1324', 1),
(595, 0, '2015-12-25', 215, 1000, 'registration', '1325', 1),
(596, 0, '2015-12-25', 216, 1000, 'registration', '1326', 1),
(597, 0, '2015-12-26', 217, 1000, 'registration', '1327', 1),
(598, 0, '2015-12-26', 218, 1000, 'registration', '1328', 1),
(599, 0, '2015-12-27', 219, 1000, 'registration', '1329', 1),
(600, 0, '2015-12-27', 220, 1000, 'registration', '1330', 1),
(601, 0, '2015-12-28', 221, 1000, 'registration', '1331', 1),
(602, 0, '2015-12-28', 222, 1000, 'registration', '1332', 1),
(603, 0, '2015-12-29', 223, 1000, 'registration', '1333', 1),
(604, 0, '2015-12-29', 224, 1000, 'registration', '1334', 1),
(605, 0, '2015-12-30', 225, 1000, 'registration', '1335', 1),
(606, 0, '2015-12-30', 226, 1000, 'registration', '1336', 1),
(607, 0, '2015-12-31', 227, 1000, 'registration', '1337', 1),
(608, 0, '2015-12-31', 228, 1000, 'registration', '1338', 1),
(609, 0, '0000-00-00', 229, 1000, 'registration', '1339', 1),
(610, 0, '0000-00-00', 230, 1000, 'registration', '1340', 1),
(611, 0, '0000-00-00', 231, 1000, 'registration', '1341', 1),
(612, 0, '0000-00-00', 232, 1000, 'registration', '1342', 1),
(613, 0, '0000-00-00', 233, 1000, 'registration', '1343', 1),
(614, 0, '0000-00-00', 234, 1000, 'registration', '1344', 1),
(615, 0, '0000-00-00', 235, 1000, 'registration', '1345', 1),
(616, 0, '0000-00-00', 236, 1000, 'registration', '1346', 1),
(617, 0, '0000-00-00', 237, 1000, 'registration', '1347', 1),
(618, 0, '0000-00-00', 238, 1000, 'registration', '1348', 1),
(619, 0, '0000-00-00', 239, 1000, 'registration', '1349', 1),
(620, 0, '0000-00-00', 240, 1000, 'registration', '1350', 1),
(621, 0, '0000-00-00', 241, 1000, 'registration', '1351', 1),
(622, 0, '0000-00-00', 242, 1000, 'registration', '1352', 1),
(623, 0, '0000-00-00', 243, 1000, 'registration', '1353', 1),
(624, 0, '0000-00-00', 244, 1000, 'registration', '1354', 1),
(625, 0, '0000-00-00', 245, 1000, 'registration', '1355', 1),
(626, 0, '0000-00-00', 246, 1000, 'registration', '1356', 1),
(627, 0, '0000-00-00', 247, 1000, 'registration', '1357', 1),
(628, 0, '0000-00-00', 248, 1000, 'registration', '1358', 1),
(629, 0, '0000-00-00', 249, 1000, 'registration', '1359', 1),
(630, 0, '0000-00-00', 250, 1000, 'registration', '1360', 1),
(631, 0, '0000-00-00', 251, 1000, 'registration', '1361', 1),
(632, 0, '0000-00-00', 252, 1000, 'registration', '1362', 1),
(633, 0, '0000-00-00', 253, 1000, 'registration', '1363', 1),
(634, 0, '0000-00-00', 254, 1000, 'registration', '1364', 1),
(635, 0, '0000-00-00', 255, 1000, 'registration', '1365', 1),
(636, 0, '0000-00-00', 256, 1000, 'registration', '1366', 1),
(637, 0, '0000-00-00', 257, 1000, 'registration', '1367', 1),
(638, 0, '0000-00-00', 258, 1000, 'registration', '1368', 1),
(639, 0, '0000-00-00', 259, 1000, 'registration', '1369', 1),
(640, 0, '0000-00-00', 260, 1000, 'registration', '1370', 1),
(641, 0, '0000-00-00', 261, 1000, 'registration', '1371', 1),
(642, 0, '0000-00-00', 262, 1000, 'registration', '1372', 1),
(643, 0, '0000-00-00', 263, 1000, 'registration', '1373', 1),
(644, 0, '0000-00-00', 264, 1000, 'registration', '1374', 1),
(645, 0, '0000-00-00', 265, 1000, 'registration', '1375', 1),
(646, 0, '0000-00-00', 266, 1000, 'registration', '1376', 1),
(647, 0, '0000-00-00', 267, 1000, 'registration', '1377', 1),
(648, 0, '0000-00-00', 268, 1000, 'registration', '1378', 1),
(649, 0, '0000-00-00', 269, 1000, 'registration', '1379', 1),
(650, 0, '0000-00-00', 270, 1000, 'registration', '1380', 1),
(651, 0, '0000-00-00', 271, 1000, 'registration', '1381', 1),
(652, 0, '0000-00-00', 272, 1000, 'registration', '1382', 1),
(653, 0, '0000-00-00', 273, 1000, 'registration', '1383', 1),
(654, 0, '0000-00-00', 274, 1000, 'registration', '1384', 1),
(655, 0, '0000-00-00', 275, 1000, 'registration', '1385', 1),
(656, 0, '0000-00-00', 276, 1000, 'registration', '1386', 1),
(657, 0, '0000-00-00', 277, 1000, 'registration', '1387', 1),
(658, 0, '0000-00-00', 278, 1000, 'registration', '1388', 1),
(659, 0, '0000-00-00', 279, 1000, 'registration', '1389', 1),
(660, 0, '0000-00-00', 280, 1000, 'registration', '1390', 1),
(661, 0, '0000-00-00', 281, 1000, 'registration', '1391', 1),
(662, 0, '0000-00-00', 282, 1000, 'registration', '1392', 1),
(663, 0, '0000-00-00', 283, 1000, 'registration', '1393', 1),
(664, 0, '0000-00-00', 284, 1000, 'registration', '1394', 1),
(665, 0, '0000-00-00', 285, 1000, 'registration', '1395', 1),
(666, 0, '0000-00-00', 286, 1000, 'registration', '1396', 1),
(667, 0, '0000-00-00', 287, 1000, 'registration', '1397', 1),
(668, 0, '0000-00-00', 288, 1000, 'registration', '1398', 1),
(669, 0, '0000-00-00', 289, 1000, 'registration', '1399', 1),
(670, 0, '0000-00-00', 290, 1000, 'registration', '1400', 1),
(671, 0, '0000-00-00', 291, 1000, 'registration', '1401', 1),
(672, 0, '0000-00-00', 292, 1000, 'registration', '1402', 1),
(673, 0, '0000-00-00', 293, 1000, 'registration', '1403', 1),
(674, 0, '0000-00-00', 294, 1000, 'registration', '1404', 1),
(675, 0, '0000-00-00', 295, 1000, 'registration', '1405', 1),
(676, 0, '0000-00-00', 296, 1000, 'registration', '1406', 1),
(677, 0, '0000-00-00', 297, 1000, 'registration', '1407', 1),
(678, 0, '0000-00-00', 298, 1000, 'registration', '1408', 1),
(679, 0, '0000-00-00', 299, 1000, 'registration', '1409', 1),
(680, 0, '0000-00-00', 300, 1000, 'registration', '1410', 1),
(681, 0, '0000-00-00', 301, 1000, 'registration', '1411', 1),
(682, 0, '0000-00-00', 302, 1000, 'registration', '1412', 1),
(683, 0, '0000-00-00', 303, 1000, 'registration', '1413', 1),
(684, 0, '0000-00-00', 304, 1000, 'registration', '1414', 1),
(685, 0, '0000-00-00', 305, 1000, 'registration', '1415', 1),
(686, 0, '0000-00-00', 306, 1000, 'registration', '1416', 1),
(687, 0, '0000-00-00', 307, 1000, 'registration', '1417', 1),
(688, 0, '0000-00-00', 308, 1000, 'registration', '1418', 1),
(689, 0, '0000-00-00', 309, 1000, 'registration', '1419', 1),
(690, 0, '0000-00-00', 310, 1000, 'registration', '1420', 1),
(691, 0, '0000-00-00', 311, 1000, 'registration', '1421', 1),
(692, 0, '0000-00-00', 312, 1000, 'registration', '1422', 1),
(693, 0, '0000-00-00', 313, 1000, 'registration', '1423', 1),
(694, 0, '0000-00-00', 314, 1000, 'registration', '1424', 1),
(695, 0, '0000-00-00', 315, 1000, 'registration', '1425', 1),
(696, 0, '0000-00-00', 316, 1000, 'registration', '1426', 1),
(697, 0, '0000-00-00', 317, 1000, 'registration', '1427', 1),
(698, 0, '0000-00-00', 318, 1000, 'registration', '1428', 1),
(699, 0, '0000-00-00', 319, 1000, 'registration', '1429', 1),
(700, 0, '0000-00-00', 320, 1000, 'registration', '1430', 1),
(701, 0, '0000-00-00', 321, 1000, 'registration', '1431', 1),
(702, 0, '0000-00-00', 322, 1000, 'registration', '1432', 1),
(703, 0, '0000-00-00', 323, 1000, 'registration', '1433', 1),
(704, 0, '0000-00-00', 324, 1000, 'registration', '1434', 1),
(705, 0, '0000-00-00', 325, 1000, 'registration', '1435', 1),
(706, 0, '0000-00-00', 326, 1000, 'registration', '1436', 1),
(707, 0, '0000-00-00', 327, 1000, 'registration', '1437', 1),
(708, 0, '0000-00-00', 328, 1000, 'registration', '1438', 1),
(709, 0, '0000-00-00', 329, 1000, 'registration', '1439', 1),
(710, 0, '0000-00-00', 330, 1000, 'registration', '1440', 1),
(711, 0, '0000-00-00', 331, 1000, 'registration', '1441', 1),
(712, 0, '0000-00-00', 332, 1000, 'registration', '1442', 1),
(713, 0, '0000-00-00', 333, 1000, 'registration', '1443', 1),
(714, 0, '0000-00-00', 334, 1000, 'registration', '1444', 1),
(715, 0, '0000-00-00', 335, 1000, 'registration', '1445', 1),
(716, 0, '0000-00-00', 336, 1000, 'registration', '1446', 1),
(717, 0, '0000-00-00', 337, 1000, 'registration', '1447', 1),
(718, 0, '0000-00-00', 338, 1000, 'registration', '1448', 1),
(719, 0, '0000-00-00', 339, 1000, 'registration', '1449', 1),
(720, 0, '0000-00-00', 340, 1000, 'registration', '1450', 1),
(721, 0, '0000-00-00', 341, 1000, 'registration', '1451', 1),
(722, 0, '0000-00-00', 342, 1000, 'registration', '1452', 1),
(723, 0, '0000-00-00', 343, 1000, 'registration', '1453', 1),
(724, 0, '0000-00-00', 344, 1000, 'registration', '1454', 1),
(725, 0, '0000-00-00', 345, 1000, 'registration', '1455', 1),
(726, 0, '0000-00-00', 346, 1000, 'registration', '1456', 1),
(727, 0, '0000-00-00', 347, 1000, 'registration', '1457', 1),
(728, 0, '0000-00-00', 348, 1000, 'registration', '1458', 1),
(729, 0, '0000-00-00', 349, 1000, 'registration', '1459', 1),
(730, 0, '0000-00-00', 350, 1000, 'registration', '1460', 1),
(731, 0, '0000-00-00', 351, 1000, 'registration', '1461', 1),
(732, 0, '0000-00-00', 352, 1000, 'registration', '1462', 1),
(733, 0, '0000-00-00', 353, 1000, 'registration', '1463', 1),
(734, 0, '0000-00-00', 354, 1000, 'registration', '1464', 1),
(735, 0, '0000-00-00', 355, 1000, 'registration', '1465', 1),
(736, 0, '0000-00-00', 356, 1000, 'registration', '1466', 1),
(737, 0, '0000-00-00', 357, 1000, 'registration', '1467', 1),
(738, 0, '0000-00-00', 358, 1000, 'registration', '1468', 1),
(739, 0, '0000-00-00', 359, 1000, 'registration', '1469', 1),
(740, 0, '0000-00-00', 360, 1000, 'registration', '1470', 1),
(741, 0, '0000-00-00', 361, 1000, 'registration', '1471', 1),
(742, 0, '0000-00-00', 362, 1000, 'registration', '1472', 1),
(743, 0, '0000-00-00', 363, 1000, 'registration', '1473', 1),
(744, 0, '0000-00-00', 364, 1000, 'registration', '1474', 1),
(745, 0, '0000-00-00', 365, 1000, 'registration', '1475', 1),
(746, 0, '0000-00-00', 366, 1000, 'registration', '1476', 1),
(747, 0, '0000-00-00', 367, 1000, 'registration', '1477', 1),
(748, 0, '0000-00-00', 368, 1000, 'registration', '1478', 1),
(749, 0, '0000-00-00', 369, 1000, 'registration', '1479', 1),
(750, 0, '0000-00-00', 370, 1000, 'registration', '1480', 1),
(751, 0, '0000-00-00', 371, 1000, 'registration', '1481', 1),
(752, 0, '0000-00-00', 372, 1000, 'registration', '1482', 1),
(753, 0, '0000-00-00', 373, 1000, 'registration', '1483', 1),
(754, 0, '0000-00-00', 374, 1000, 'registration', '1484', 1),
(755, 0, '0000-00-00', 375, 1000, 'registration', '1485', 1),
(756, 0, '0000-00-00', 376, 1000, 'registration', '1486', 1),
(757, 0, '0000-00-00', 377, 1000, 'registration', '1487', 1),
(758, 0, '0000-00-00', 378, 1000, 'registration', '1488', 1),
(759, 0, '0000-00-00', 379, 1000, 'registration', '1489', 1),
(760, 0, '0000-00-00', 380, 1000, 'registration', '1490', 1);

-- --------------------------------------------------------

--
-- Table structure for table `collections`
--

CREATE TABLE IF NOT EXISTS `collections` (
  `id` int(11) NOT NULL,
  `amount` int(11) NOT NULL,
  `date_collected` date NOT NULL,
  `status_billed` tinyint(1) NOT NULL,
  `member_id` int(11) NOT NULL,
  `collectionstype` int(11) NOT NULL,
  `receipt_no` int(11) NOT NULL
) ENGINE=InnoDB DEFAULT CHARSET=latin1;

-- --------------------------------------------------------

--
-- Table structure for table `collection_types`
--

CREATE TABLE IF NOT EXISTS `collection_types` (
  `id` int(11) NOT NULL,
  `type_string` varchar(20) NOT NULL
) ENGINE=InnoDB AUTO_INCREMENT=4 DEFAULT CHARSET=latin1;

--
-- Dumping data for table `collection_types`
--

INSERT INTO `collection_types` (`id`, `type_string`) VALUES
(1, 'Savings'),
(2, 'Emergency Loan'),
(3, 'Normal Loan');

-- --------------------------------------------------------

--
-- Table structure for table `debtors_account_ledgers_entries`
--

CREATE TABLE IF NOT EXISTS `debtors_account_ledgers_entries` (
  `id` int(11) NOT NULL,
  `date_when` date NOT NULL,
  `dr` int(11) NOT NULL,
  `cr` int(11) NOT NULL,
  `debtors_account_id` int(11) NOT NULL
) ENGINE=InnoDB DEFAULT CHARSET=latin1;

-- --------------------------------------------------------

--
-- Table structure for table `deposit_cash`
--

CREATE TABLE IF NOT EXISTS `deposit_cash` (
  `member_no` int(11) NOT NULL,
  `date_when` date NOT NULL,
  `description` varchar(100) NOT NULL,
  `transacted_by` varchar(100) NOT NULL,
  `payment_mode` int(11) NOT NULL,
  `cheque_no` varchar(100) NOT NULL,
  `id` int(11) NOT NULL,
  `amount` int(11) NOT NULL,
  `status_billed` tinyint(1) NOT NULL
) ENGINE=InnoDB AUTO_INCREMENT=133 DEFAULT CHARSET=latin1;

--
-- Dumping data for table `deposit_cash`
--

INSERT INTO `deposit_cash` (`member_no`, `date_when`, `description`, `transacted_by`, `payment_mode`, `cheque_no`, `id`, `amount`, `status_billed`) VALUES
(1, '2012-12-12', 'deposit', 'jackie', 1, '12121', 1, 317373, 1),
(2, '2012-12-12', 'deposit', 'jackie', 1, '12122', 2, 614250, 1),
(5, '2012-12-12', 'deposit', 'jackie', 1, '12125', 3, 104272, 1),
(6, '2012-12-12', 'deposit', 'jackie', 1, '12126', 4, 1607100, 1),
(7, '2012-12-12', 'deposit', 'jackie', 1, '12127', 5, 431505, 1),
(8, '2012-12-12', 'deposit', 'jackie', 1, '12128', 6, 359400, 1),
(9, '2012-12-12', 'deposit', 'jackie', 1, '12129', 7, 1580837, 1),
(11, '2012-12-12', 'deposit', 'jackie', 1, '12131', 8, 575382, 1),
(12, '2012-12-12', 'deposit', 'jackie', 1, '12132', 9, 814587, 1),
(13, '2012-12-12', 'deposit', 'jackie', 1, '12133', 10, 336529, 1),
(14, '2012-12-12', 'deposit', 'jackie', 1, '12134', 11, 844875, 1),
(15, '2012-12-12', 'deposit', 'jackie', 1, '12135', 12, 450428, 1),
(16, '2012-12-12', 'deposit', 'jackie', 1, '12136', 13, 350000, 1),
(17, '2012-12-12', 'deposit', 'jackie', 1, '12137', 14, 606600, 1),
(18, '2012-12-12', 'deposit', 'jackie', 1, '12138', 15, 564567, 1),
(19, '2012-12-12', 'deposit', 'jackie', 1, '12139', 16, 455158, 1),
(20, '2012-12-12', 'deposit', 'jackie', 1, '12140', 17, 84138, 1),
(21, '2012-12-12', 'deposit', 'jackie', 1, '12141', 18, 443005, 1),
(22, '2012-12-12', 'deposit', 'jackie', 1, '12142', 19, 147000, 1),
(24, '2012-12-12', 'deposit', 'jackie', 1, '12144', 20, 580492, 1),
(25, '2012-12-12', 'deposit', 'jackie', 1, '12145', 21, 281320, 1),
(26, '2012-12-12', 'deposit', 'jackie', 1, '12146', 22, 770264, 1),
(27, '2012-12-12', 'deposit', 'jackie', 1, '12147', 23, 36484, 1),
(28, '2012-12-12', 'deposit', 'jackie', 1, '12148', 24, 271542, 1),
(29, '2012-12-12', 'deposit', 'jackie', 1, '12149', 25, 414464, 1),
(30, '2012-12-12', 'deposit', 'jackie', 1, '12150', 26, 179600, 1),
(31, '2012-12-12', 'deposit', 'jackie', 1, '12151', 27, 63543, 1),
(33, '2012-12-12', 'deposit', 'jackie', 1, '12153', 28, 474150, 1),
(34, '2012-12-12', 'deposit', 'jackie', 1, '12154', 29, 234639, 1),
(35, '2012-12-12', 'deposit', 'jackie', 1, '12155', 30, 500665, 1),
(36, '2012-12-12', 'deposit', 'jackie', 1, '12156', 31, 722353, 1),
(37, '2012-12-12', 'deposit', 'jackie', 1, '12157', 32, 800834, 1),
(38, '2012-12-12', 'deposit', 'jackie', 1, '12158', 33, 245452, 1),
(40, '2012-12-12', 'deposit', 'jackie', 1, '12160', 34, 236249, 1),
(41, '2012-12-12', 'deposit', 'jackie', 1, '12161', 35, 253315, 1),
(42, '2012-12-12', 'deposit', 'jackie', 1, '12162', 36, 154300, 1),
(43, '2012-12-12', 'deposit', 'jackie', 1, '12163', 37, 133858, 1),
(44, '2012-12-12', 'deposit', 'jackie', 1, '12164', 38, 166294, 1),
(45, '2012-12-12', 'deposit', 'jackie', 1, '12165', 39, 6565, 1),
(46, '2012-12-12', 'deposit', 'jackie', 1, '12166', 40, 16000, 1),
(47, '2012-12-12', 'deposit', 'jackie', 1, '12167', 41, 406421, 1),
(48, '2012-12-12', 'deposit', 'jackie', 1, '12168', 42, 61064, 1),
(49, '2012-12-12', 'deposit', 'jackie', 1, '12169', 43, 60600, 1),
(50, '2012-12-12', 'deposit', 'jackie', 1, '12170', 44, 200200, 1),
(51, '2012-12-12', 'deposit', 'jackie', 1, '12171', 45, 47236, 1),
(52, '2012-12-12', 'deposit', 'jackie', 1, '12172', 46, 595500, 1),
(54, '2012-12-12', 'deposit', 'jackie', 1, '12174', 47, 57707, 1),
(56, '2012-12-12', 'deposit', 'jackie', 1, '12176', 48, 39900, 1),
(58, '2012-12-12', 'deposit', 'jackie', 1, '12178', 49, 1000, 1),
(59, '2012-12-12', 'deposit', 'jackie', 1, '12179', 50, 41274, 1),
(60, '2012-12-12', 'deposit', 'jackie', 1, '12180', 51, 38579, 1),
(61, '2012-12-12', 'deposit', 'jackie', 1, '12181', 52, 24304, 1),
(62, '2012-12-12', 'deposit', 'jackie', 1, '12182', 53, 19400, 1),
(63, '2012-12-12', 'deposit', 'jackie', 1, '12183', 54, 280799, 1),
(64, '2012-12-12', 'deposit', 'jackie', 1, '12184', 55, 4000, 1),
(65, '2012-12-12', 'deposit', 'jackie', 1, '12185', 56, 7800, 1),
(66, '2012-12-12', 'deposit', 'jackie', 1, '12186', 57, 15000, 1),
(67, '2012-12-12', 'deposit', 'jackie', 1, '12187', 58, 46050, 1),
(68, '2012-12-12', 'deposit', 'jackie', 1, '12188', 59, 124300, 1),
(69, '2012-12-12', 'deposit', 'jackie', 1, '12189', 60, 60900, 1),
(70, '2012-12-12', 'deposit', 'jackie', 1, '12190', 61, 309500, 1),
(71, '2012-12-12', 'deposit', 'jackie', 1, '12191', 62, 87030, 1),
(72, '2012-12-12', 'deposit', 'jackie', 1, '12192', 63, 25450, 1),
(73, '2012-12-12', 'deposit', 'jackie', 1, '12193', 64, 204150, 1),
(75, '2012-12-12', 'deposit', 'jackie', 1, '12195', 65, 93105, 1),
(76, '2012-12-12', 'deposit', 'jackie', 1, '12196', 66, 154693, 1),
(77, '2012-12-12', 'deposit', 'jackie', 1, '12197', 67, 76681, 1),
(78, '2012-12-12', 'deposit', 'jackie', 1, '12198', 68, 1600, 1),
(79, '2012-12-12', 'deposit', 'jackie', 1, '12199', 69, 403100, 1),
(80, '2012-12-12', 'deposit', 'jackie', 1, '12200', 70, 248909, 1),
(81, '2012-12-12', 'deposit', 'jackie', 1, '12201', 71, 169382, 1),
(82, '2012-12-12', 'deposit', 'jackie', 1, '12202', 72, 204595, 1),
(83, '2012-12-12', 'deposit', 'jackie', 1, '12203', 73, 335416, 1),
(84, '2012-12-12', 'deposit', 'jackie', 1, '12204', 74, 511422, 1),
(85, '2012-12-12', 'deposit', 'jackie', 1, '12205', 75, 47300, 1),
(86, '2012-12-12', 'deposit', 'jackie', 1, '12206', 76, 446986, 1),
(87, '2012-12-12', 'deposit', 'jackie', 1, '12207', 77, 1900, 1),
(88, '2012-12-12', 'deposit', 'jackie', 1, '12208', 78, 743950, 1),
(89, '2012-12-12', 'deposit', 'jackie', 1, '12209', 79, 80150, 1),
(90, '2012-12-12', 'deposit', 'jackie', 1, '12210', 80, 5900, 1),
(92, '2012-12-12', 'deposit', 'jackie', 1, '12212', 81, 450, 1),
(94, '2012-12-12', 'deposit', 'jackie', 1, '12214', 82, 39600, 1),
(95, '2012-12-12', 'deposit', 'jackie', 1, '12215', 83, 105400, 1),
(96, '2012-12-12', 'deposit', 'jackie', 1, '12216', 84, 137600, 1),
(97, '2012-12-12', 'deposit', 'jackie', 1, '12217', 85, 2000, 1),
(98, '2012-12-12', 'deposit', 'jackie', 1, '12218', 86, 40916, 1),
(101, '2012-12-12', 'deposit', 'jackie', 1, '12221', 87, 115100, 1),
(102, '2012-12-12', 'deposit', 'jackie', 1, '12222', 88, 26300, 1),
(103, '2012-12-12', 'deposit', 'jackie', 1, '12223', 89, 317000, 1),
(104, '2012-12-12', 'deposit', 'jackie', 1, '12224', 90, 70650, 1),
(105, '2012-12-12', 'deposit', 'jackie', 1, '12225', 91, 345200, 1),
(106, '2012-12-12', 'deposit', 'jackie', 1, '12226', 92, 109100, 1),
(107, '2012-12-12', 'deposit', 'jackie', 1, '12227', 93, 33200, 1),
(109, '2012-12-12', 'deposit', 'jackie', 1, '12229', 94, 467457, 1),
(111, '2012-12-12', 'deposit', 'jackie', 1, '12231', 95, 10050, 1),
(112, '2012-12-12', 'deposit', 'jackie', 1, '12232', 96, 63950, 1),
(113, '2012-12-12', 'deposit', 'jackie', 1, '12233', 97, 107400, 1),
(114, '2012-12-12', 'deposit', 'jackie', 1, '12234', 98, 93800, 1),
(115, '2012-12-12', 'deposit', 'jackie', 1, '12235', 99, 11200, 1),
(116, '2012-12-12', 'deposit', 'jackie', 1, '12236', 100, 18000, 1),
(118, '2012-12-12', 'deposit', 'jackie', 1, '12238', 101, 40300, 1),
(119, '2012-12-12', 'deposit', 'jackie', 1, '12239', 102, 48900, 1),
(120, '2012-12-12', 'deposit', 'jackie', 1, '12240', 103, 31300, 1),
(121, '2012-12-12', 'deposit', 'jackie', 1, '12241', 104, 21300, 1),
(122, '2012-12-12', 'deposit', 'jackie', 1, '12242', 105, 7600, 1),
(123, '2012-12-12', 'deposit', 'jackie', 1, '12243', 106, 29200, 1),
(124, '2012-12-12', 'deposit', 'jackie', 1, '12244', 107, 3500, 1),
(125, '2012-12-12', 'deposit', 'jackie', 1, '12245', 108, 3500, 1),
(126, '2012-12-12', 'deposit', 'jackie', 1, '12246', 109, 12000, 1),
(131, '2012-12-12', 'deposit', 'jackie', 1, '12251', 110, 4000, 1),
(132, '2012-12-12', 'deposit', 'jackie', 1, '12252', 111, 4000, 1),
(135, '2012-12-12', 'deposit', 'jackie', 1, '12255', 112, 4000, 1),
(136, '2012-12-12', 'deposit', 'jackie', 1, '12256', 113, 4000, 1),
(137, '2012-12-12', 'deposit', 'jackie', 1, '12257', 114, 4000, 1),
(139, '2012-12-12', 'deposit', 'jackie', 1, '12259', 115, 1021, 1),
(144, '2012-12-12', 'deposit', 'jackie', 1, '12264', 116, 12964, 1),
(147, '2012-12-12', 'deposit', 'jackie', 1, '12267', 117, 4000, 1),
(148, '2012-12-12', 'deposit', 'jackie', 1, '12268', 118, 4000, 1),
(149, '2012-12-12', 'deposit', 'jackie', 1, '12269', 119, 4000, 1),
(150, '2012-12-12', 'deposit', 'jackie', 1, '12270', 120, 6900, 1),
(151, '2012-12-12', 'deposit', 'jackie', 1, '12271', 121, 3600, 1),
(152, '2012-12-12', 'deposit', 'jackie', 1, '12272', 122, 16020, 1),
(153, '2012-12-12', 'deposit', 'jackie', 1, '12273', 123, 4700, 1),
(154, '2012-12-12', 'deposit', 'jackie', 1, '12274', 124, 11000, 1),
(155, '2012-12-12', 'deposit', 'jackie', 1, '12275', 125, 58692, 1),
(156, '2012-12-12', 'deposit', 'jackie', 1, '12276', 126, 4000, 1),
(158, '2012-12-12', 'deposit', 'jackie', 1, '12278', 127, 370300, 1),
(162, '2012-12-12', 'deposit', 'jackie', 1, '12282', 128, 4000, 1),
(163, '2012-12-12', 'deposit', 'jackie', 1, '12283', 129, 84400, 1),
(166, '2012-12-12', 'deposit', 'jackie', 1, '12286', 130, 503800, 1),
(167, '2012-12-12', 'deposit', 'jackie', 1, '12287', 131, 1400, 1),
(190, '2012-12-12', 'deposit', 'jackie', 1, '12310', 132, 26200, 1);

-- --------------------------------------------------------

--
-- Table structure for table `deptors`
--

CREATE TABLE IF NOT EXISTS `deptors` (
  `id` int(11) NOT NULL,
  `deptors_name` varchar(45) NOT NULL,
  `description` varchar(45) DEFAULT NULL
) ENGINE=InnoDB DEFAULT CHARSET=latin1;

-- --------------------------------------------------------

--
-- Table structure for table `expenses`
--

CREATE TABLE IF NOT EXISTS `expenses` (
  `id` int(11) NOT NULL,
  `narration` int(11) NOT NULL,
  `amount` int(11) NOT NULL,
  `receipt_no` varchar(45) NOT NULL,
  `date_incured` date NOT NULL,
  `description` longtext,
  `payment_method` int(11) NOT NULL
) ENGINE=InnoDB DEFAULT CHARSET=latin1;

-- --------------------------------------------------------

--
-- Table structure for table `expenses_category`
--

CREATE TABLE IF NOT EXISTS `expenses_category` (
  `id` int(11) NOT NULL,
  `title` varchar(45) NOT NULL,
  `description` varchar(45) NOT NULL
) ENGINE=InnoDB AUTO_INCREMENT=97 DEFAULT CHARSET=latin1;

--
-- Dumping data for table `expenses_category`
--

INSERT INTO `expenses_category` (`id`, `title`, `description`) VALUES
(10, 'REBATES FROM KUSSCO', ''),
(11, 'INSURANCE COVER KUSCO', ''),
(12, 'INVESTIMENT (KUSCO)', ''),
(13, 'PROPERTY PLANT AND EQUIPMENT', ''),
(14, 'COOPERATIVE ALLIANCE OF KENYA', ''),
(15, 'POST OFFICE FEE', ''),
(16, 'PURCHASES', ''),
(21, 'WITHHOLDING TAX', ''),
(25, 'MOTOR VEHICLEEXPENSES(INVEST A/C)', ''),
(31, 'BANK CHARGES(SACCO a/c)', ''),
(32, 'BANK CHARGES(INVEST a/c)', ''),
(33, 'BANK CHARGES(TAI SACCO)', ''),
(34, 'LEGAL FEE', ''),
(36, 'NSSF', ''),
(37, 'RECOVERABLE EXPENSES', ''),
(38, 'AGM EXPENSES', ''),
(39, 'REFUNDS', ''),
(40, 'STATIONERIES', ''),
(42, 'COMMITTEE SITTING ALLOWANCE', ''),
(43, 'SHARE CAPITAL', ''),
(44, 'CASH IN BANK (INVESTIMENT)', ''),
(45, 'CASH IN HAND (INVESTIMENT)', ''),
(46, 'CASH IN BANK (TAI SACCO)', ''),
(47, 'CASH IN BANK (PETRO A/C)', ''),
(48, 'CASH IN HAND (SACCO A/CO)', ''),
(49, 'CASH AT BANK', ''),
(51, 'SALARIES', ''),
(52, 'SHARE CAPITAL', ''),
(53, 'CASH IN BANK (INVESTIMENT)', ''),
(54, 'CASH IN HAND (INVESTIMENT)', ''),
(55, 'CASH IN BANK (TAI SACCO)', ''),
(56, 'CASH IN BANK (PETRO A/C)', ''),
(57, 'CASH IN HAND (SACCO A/CO)', ''),
(58, 'CASH AT BANK', ''),
(59, 'MEMBERS DEPOSITS', ''),
(60, 'SALARIES', ''),
(61, 'REBATES FROM KUSSCO', ''),
(62, 'INSURANCE COVER KUSCO', ''),
(63, 'INVESTIMENT (KUSCO)', ''),
(64, 'PROPERTY PLANT AND EQUIPMENT', ''),
(65, 'COOPERATIVE ALLIANCE OF KENYA', ''),
(66, 'POST OFFICE FEE', ''),
(67, 'PURCHASES', ''),
(68, 'SALE OF LOAN FORMS', ''),
(69, 'ENTRANCE FEE', ''),
(70, 'WITHDRAWAL INCOME', ''),
(71, 'INTEREST ON MEMBERS DEPOSITS', ''),
(72, 'WITHHOLDING TAX', ''),
(73, 'MEMBERS LOAN', ''),
(74, 'MOTOR VEHICLE LOAN', ''),
(75, 'INTEREST FROM MOTOR VEHICLE LOAN', ''),
(76, 'MOTOR VEHICLEEXPENSES(INVEST A/C)', ''),
(77, 'STATUTORY RESERVE', ''),
(78, 'RETAINED EARNINGS', ''),
(79, 'SUNDRY DEBTORS', ''),
(80, 'CREDITORS', ''),
(81, 'INTEREST PAID(FROM LOAN)', ''),
(82, 'BANK CHARGES(SACCO a/c)', ''),
(83, 'BANK CHARGES(INVEST a/c)', ''),
(84, 'BANK CHARGES(TAI SACCO)', ''),
(85, 'LEGAL FEE', ''),
(86, 'DEPRECIATION', ''),
(87, 'NSSF', ''),
(88, 'RECOVERABLE EXPENSES', ''),
(89, 'AGM EXPENSES', ''),
(90, 'REFUNDS', ''),
(91, 'STATIONERIES', ''),
(92, 'NEGOTIATION FEE', ''),
(93, 'COMMITTEE SITTING ALLOWANCE', ''),
(94, 'MEMBERS WITHDRAW', ''),
(95, 'UNPAID NEGOTIATION FEE', ''),
(96, 'UNPAID LOAN INTEREST', '');

-- --------------------------------------------------------

--
-- Table structure for table `expenses_payment_method`
--

CREATE TABLE IF NOT EXISTS `expenses_payment_method` (
  `id` int(11) NOT NULL,
  `method` varchar(45) NOT NULL
) ENGINE=InnoDB DEFAULT CHARSET=latin1;

-- --------------------------------------------------------

--
-- Table structure for table `fixed_asset`
--

CREATE TABLE IF NOT EXISTS `fixed_asset` (
  `id` int(11) NOT NULL,
  `name` varchar(45) NOT NULL,
  `value` int(11) NOT NULL,
  `depreciation_per_year` int(11) NOT NULL,
  `description` varchar(45) NOT NULL,
  `date_acquired` date NOT NULL
) ENGINE=InnoDB DEFAULT CHARSET=latin1;

-- --------------------------------------------------------

--
-- Table structure for table `gender`
--

CREATE TABLE IF NOT EXISTS `gender` (
  `idgender` int(11) NOT NULL,
  `gender` varchar(45) NOT NULL
) ENGINE=InnoDB DEFAULT CHARSET=latin1;

--
-- Dumping data for table `gender`
--

INSERT INTO `gender` (`idgender`, `gender`) VALUES
(1, 'male'),
(2, 'female');

-- --------------------------------------------------------

--
-- Table structure for table `guarantors`
--

CREATE TABLE IF NOT EXISTS `guarantors` (
  `guarantor_id` int(11) NOT NULL,
  `guaranteed_amount` int(11) NOT NULL,
  `id` int(11) NOT NULL,
  `loan_id` int(11) NOT NULL,
  `recovered_amount` float NOT NULL
) ENGINE=InnoDB DEFAULT CHARSET=latin1;

-- --------------------------------------------------------

--
-- Table structure for table `loan`
--

CREATE TABLE IF NOT EXISTS `loan` (
  `loan_id` int(11) NOT NULL,
  `duration` int(10) unsigned NOT NULL,
  `issue_date` date NOT NULL,
  `amount` double NOT NULL,
  `interest_rate` double NOT NULL,
  `memeber_id` int(11) NOT NULL,
  `loan_status` int(11) NOT NULL,
  `random_int` int(11) NOT NULL,
  `loantype` int(11) NOT NULL,
  `negotiation_fee` int(11) NOT NULL,
  `deffault_count` int(11) NOT NULL DEFAULT '0'
) ENGINE=InnoDB AUTO_INCREMENT=58 DEFAULT CHARSET=latin1;

--
-- Dumping data for table `loan`
--

INSERT INTO `loan` (`loan_id`, `duration`, `issue_date`, `amount`, `interest_rate`, `memeber_id`, `loan_status`, `random_int`, `loantype`, `negotiation_fee`, `deffault_count`) VALUES
(1, 36, '2015-02-02', 103842, 12, 1, 2, -1, 2, 0, 0),
(2, 36, '2015-02-02', 460757, 12, 2, 2, -1, 2, 0, 0),
(3, 36, '2015-02-02', 273152, 12, 4, 2, -1, 2, 0, 0),
(4, 36, '2015-02-02', 90234, 12, 7, 2, -1, 2, 0, 0),
(5, 36, '2015-02-02', 570179, 12, 11, 2, -1, 2, 0, 0),
(6, 36, '2015-02-02', 482718, 12, 12, 2, -1, 1, 0, 0),
(7, 36, '2015-02-02', 66316, 12, 13, 2, -1, 2, 0, 0),
(8, 36, '2015-02-02', 972521, 12, 14, 2, -1, 2, 0, 0),
(9, 36, '2015-02-02', 626498, 12, 16, 2, -1, 2, 0, 0),
(10, 36, '2015-02-02', 544741, 12, 18, 2, -1, 2, 0, 0),
(11, 36, '2015-02-02', 634253, 12, 19, 2, -1, 2, 0, 0),
(12, 36, '2015-02-02', 18392, 12, 20, 2, -1, 2, 0, 0),
(13, 36, '2015-02-02', 122719, 12, 21, 2, -1, 2, 0, 0),
(14, 36, '2015-02-02', 170736, 12, 22, 2, -1, 2, 0, 0),
(15, 36, '2015-02-02', 694359, 12, 24, 2, -1, 2, 0, 0),
(16, 36, '2015-02-02', 280523, 12, 25, 2, -1, 2, 0, 0),
(17, 36, '2015-02-02', 722959, 12, 26, 2, -1, 2, 0, 0),
(18, 36, '2015-02-02', 129559, 12, 29, 2, -1, 2, 0, 0),
(19, 36, '2015-02-02', 690000, 12, 33, 2, -1, 2, 7, 0),
(20, 36, '2015-02-02', 733907, 12, 35, 2, -1, 2, 500, 0),
(21, 36, '2015-02-02', 1000000, 12, 37, 2, -1, 2, 10, 0),
(22, 36, '2015-02-02', 70710, 12, 40, 2, -1, 2, 0, 0),
(23, 36, '2015-02-02', 224321, 12, 41, 2, -1, 2, 0, 0),
(24, 36, '2015-02-02', 95509, 12, 43, 2, -1, 2, 0, 0),
(25, 36, '2015-02-02', 148013, 12, 68, 2, -1, 2, 0, 0),
(26, 36, '2015-02-02', 5840, 12, 76, 2, -1, 2, 0, 0),
(27, 36, '2015-02-02', 34857, 12, 77, 2, -1, 2, 0, 0),
(28, 36, '2015-02-02', 151001, 12, 81, 2, -1, 2, 0, 0),
(29, 36, '2015-02-02', 150000, 12, 83, 2, -1, 2, 2, 0),
(30, 36, '2015-02-02', 843411, 12, 88, 2, -1, 2, 10, 0),
(31, 36, '2015-02-02', 8495, 12, 91, 2, -1, 2, 0, 0),
(32, 36, '2015-02-02', 78208, 12, 100, 2, -1, 2, 0, 0),
(33, 36, '2015-02-02', 44437, 12, 104, 2, -1, 2, 0, 0),
(34, 36, '2015-02-02', 176734, 12, 109, 2, -1, 2, 0, 0),
(35, 36, '2015-02-02', 5096, 12, 141, 2, -1, 2, 0, 0),
(36, 36, '2015-02-02', 374300, 12, 158, 2, -1, 2, 0, 0),
(37, 36, '2015-02-02', 133661, 12, 163, 2, -1, 2, 0, 0),
(38, 36, '2015-02-02', 870100, 12, 166, 2, -1, 2, 0, 0),
(40, 36, '2015-02-02', 48485, 12, 5, 2, -1, 1, 0, 0),
(41, 36, '2015-02-02', 30827, 12, 25, 2, -1, 1, 0, 0),
(42, 36, '2015-02-02', 0, 12, 33, 2, -1, 1, 7, 0),
(43, 36, '2015-02-02', 27500, 12, 34, 2, -1, 1, 500, 0),
(44, 36, '2015-02-02', 40410, 12, 35, 2, -1, 1, 500, 0),
(45, 36, '2015-02-02', 0, 12, 37, 2, -1, 1, 10, 0),
(46, 36, '2015-02-02', 5904, 12, 44, 2, -1, 1, 0, 0),
(47, 36, '2015-02-02', 46911, 12, 48, 2, -1, 1, 0, 0),
(48, 36, '2015-02-02', 13479, 12, 49, 2, -1, 1, 0, 0),
(49, 36, '2015-02-02', 48105, 12, 69, 2, -1, 1, 0, 0),
(50, 36, '2015-02-02', 39048, 12, 80, 2, -1, 1, 500, 0),
(51, 36, '2015-02-02', 38390, 12, 82, 2, -1, 1, 500, 0),
(52, 36, '2015-02-02', 50000, 12, 83, 2, -1, 1, 2, 0),
(53, 36, '2015-02-02', 0, 12, 84, 2, -1, 1, 500, 0),
(54, 36, '2015-02-02', 0, 12, 88, 2, -1, 1, 10, 0),
(55, 36, '2015-02-02', 41718, 12, 89, 2, -1, 1, 0, 0),
(56, 36, '2015-02-02', 44664, 12, 96, 2, -1, 1, 500, 0),
(57, 36, '2015-02-02', 50000, 12, 101, 2, -1, 1, 500, 0);

-- --------------------------------------------------------

--
-- Table structure for table `loan_recovery`
--

CREATE TABLE IF NOT EXISTS `loan_recovery` (
  `id` int(11) NOT NULL,
  `loan_id` int(11) NOT NULL,
  `member_id` int(11) NOT NULL,
  `amount` int(11) NOT NULL,
  `date_when` date NOT NULL
) ENGINE=InnoDB DEFAULT CHARSET=latin1;

-- --------------------------------------------------------

--
-- Table structure for table `loan_schedules`
--

CREATE TABLE IF NOT EXISTS `loan_schedules` (
  `id` int(10) NOT NULL,
  `due_date` date DEFAULT NULL,
  `Interest` double NOT NULL,
  `loan_id` int(11) NOT NULL,
  `status_cleared` int(11) NOT NULL,
  `random_int` int(11) NOT NULL,
  `principle_amount` float NOT NULL,
  `installment_amount` float NOT NULL,
  `balance` float NOT NULL,
  `is_for_last_month` tinyint(1) NOT NULL,
  `isFirst` tinyint(1) NOT NULL
) ENGINE=InnoDB AUTO_INCREMENT=57 DEFAULT CHARSET=latin1;

--
-- Dumping data for table `loan_schedules`
--

INSERT INTO `loan_schedules` (`id`, `due_date`, `Interest`, `loan_id`, `status_cleared`, `random_int`, `principle_amount`, `installment_amount`, `balance`, `is_for_last_month`, `isFirst`) VALUES
(1, '2016-05-25', 1038, 1, 2, -1, 103842, 0, 103842, 1, 0),
(2, '2016-05-25', 4607, 2, 2, -1, 460757, 0, 460757, 1, 0),
(3, '2016-05-25', 2731, 3, 2, -1, 273152, 0, 273152, 1, 0),
(4, '2016-05-25', 902, 4, 2, -1, 90234, 0, 90234, 1, 0),
(5, '2016-05-25', 5701, 5, 2, -1, 570179, 0, 570179, 1, 0),
(6, '2016-05-25', 4827, 6, 2, -1, 482718, 0, 482718, 1, 0),
(7, '2016-05-25', 663, 7, 2, -1, 66316, 0, 66316, 1, 0),
(8, '2016-05-25', 9725, 8, 2, -1, 972521, 0, 972521, 1, 0),
(9, '2016-05-25', 6264, 9, 2, -1, 626498, 0, 626498, 1, 0),
(10, '2016-05-25', 5447, 10, 2, -1, 544741, 0, 544741, 1, 0),
(11, '2016-05-25', 6342, 11, 2, -1, 634253, 0, 634253, 1, 0),
(12, '2016-05-25', 183, 12, 2, -1, 18392, 0, 18392, 1, 0),
(13, '2016-05-25', 1227, 13, 2, -1, 122719, 0, 122719, 1, 0),
(14, '2016-05-25', 1707, 14, 2, -1, 170736, 0, 170736, 1, 0),
(15, '2016-05-25', 6943, 15, 2, -1, 694359, 0, 694359, 1, 0),
(16, '2016-05-25', 2805, 16, 2, -1, 280523, 0, 280523, 1, 0),
(17, '2016-05-25', 7229, 17, 2, -1, 722959, 0, 722959, 1, 0),
(18, '2016-05-25', 1295, 18, 2, -1, 129559, 0, 129559, 1, 0),
(19, '2016-05-25', 6900, 19, 2, -1, 690000, 0, 690000, 1, 0),
(20, '2016-05-25', 7339, 20, 2, -1, 733907, 0, 733907, 1, 0),
(21, '2016-05-25', 10000, 21, 2, -1, 1000000, 0, 1000000, 1, 0),
(22, '2016-05-25', 707, 22, 2, -1, 70710, 0, 70710, 1, 0),
(23, '2016-05-25', 2243, 23, 2, -1, 224321, 0, 224321, 1, 0),
(24, '2016-05-25', 955, 24, 2, -1, 95509, 0, 95509, 1, 0),
(25, '2016-05-25', 1480, 25, 2, -1, 148013, 0, 148013, 1, 0),
(26, '2016-05-25', 58, 26, 2, -1, 5840, 0, 5840, 1, 0),
(27, '2016-05-25', 348, 27, 2, -1, 34857, 0, 34857, 1, 0),
(28, '2016-05-25', 1510, 28, 2, -1, 151001, 0, 151001, 1, 0),
(29, '2016-05-25', 1500, 29, 2, -1, 150000, 0, 150000, 1, 0),
(30, '2016-05-25', 8434, 30, 2, -1, 843411, 0, 843411, 1, 0),
(31, '2016-05-25', 84, 31, 2, -1, 8495, 0, 8495, 1, 0),
(32, '2016-05-25', 782, 32, 2, -1, 78208, 0, 78208, 1, 0),
(33, '2016-05-25', 444, 33, 2, -1, 44437, 0, 44437, 1, 0),
(34, '2016-05-25', 1767, 34, 2, -1, 176734, 0, 176734, 1, 0),
(35, '2016-05-25', 50, 35, 2, -1, 5096, 0, 5096, 1, 0),
(36, '2016-05-25', 3743, 36, 2, -1, 374300, 0, 374300, 1, 0),
(37, '2016-05-25', 1336, 37, 2, -1, 133661, 0, 133661, 1, 0),
(38, '2016-05-25', 8701, 38, 2, -1, 870100, 0, 870100, 1, 0),
(39, '2016-05-25', 484, 40, 2, -1, 48485, 0, 48485, 1, 0),
(40, '2016-05-25', 308, 41, 2, -1, 30827, 0, 30827, 1, 0),
(41, '2016-05-25', 0, 42, 2, -1, 0, 0, 0, 1, 0),
(42, '2016-05-25', 275, 43, 2, -1, 27500, 0, 27500, 1, 0),
(43, '2016-05-25', 404, 44, 2, -1, 40410, 0, 40410, 1, 0),
(44, '2016-05-25', 0, 45, 2, -1, 0, 0, 0, 1, 0),
(45, '2016-05-25', 59, 46, 2, -1, 5904, 0, 5904, 1, 0),
(46, '2016-05-25', 469, 47, 2, -1, 46911, 0, 46911, 1, 0),
(47, '2016-05-25', 134, 48, 2, -1, 13479, 0, 13479, 1, 0),
(48, '2016-05-25', 481, 49, 2, -1, 48105, 0, 48105, 1, 0),
(49, '2016-05-25', 390, 50, 2, -1, 39048, 0, 39048, 1, 0),
(50, '2016-05-25', 383, 51, 2, -1, 38390, 0, 38390, 1, 0),
(51, '2016-05-25', 500, 52, 2, -1, 50000, 0, 50000, 1, 0),
(52, '2016-05-25', 0, 53, 2, -1, 0, 0, 0, 1, 0),
(53, '2016-05-25', 0, 54, 2, -1, 0, 0, 0, 1, 0),
(54, '2016-05-25', 417, 55, 2, -1, 41718, 0, 41718, 1, 0),
(55, '2016-05-25', 446, 56, 2, -1, 44664, 0, 44664, 1, 0),
(56, '2016-05-25', 500, 57, 2, -1, 50000, 0, 50000, 1, 0);

-- --------------------------------------------------------

--
-- Table structure for table `loan_schedule_transactions`
--

CREATE TABLE IF NOT EXISTS `loan_schedule_transactions` (
  `id` int(11) NOT NULL,
  `amount_debit` double NOT NULL,
  `schedule_id` int(11) NOT NULL,
  `date_collected` date NOT NULL,
  `amount_credit` double DEFAULT NULL,
  `details` varchar(45) DEFAULT NULL
) ENGINE=InnoDB AUTO_INCREMENT=57 DEFAULT CHARSET=latin1;

--
-- Dumping data for table `loan_schedule_transactions`
--

INSERT INTO `loan_schedule_transactions` (`id`, `amount_debit`, `schedule_id`, `date_collected`, `amount_credit`, `details`) VALUES
(1, 1038, 1, '2016-04-25', 0, 'interest'),
(2, 4607, 2, '2016-04-25', 0, 'interest'),
(3, 2731, 3, '2016-04-25', 0, 'interest'),
(4, 902, 4, '2016-04-25', 0, 'interest'),
(5, 5701, 5, '2016-04-25', 0, 'interest'),
(6, 4827, 6, '2016-04-25', 0, 'interest'),
(7, 663, 7, '2016-04-25', 0, 'interest'),
(8, 9725, 8, '2016-04-25', 0, 'interest'),
(9, 6264, 9, '2016-04-25', 0, 'interest'),
(10, 5447, 10, '2016-04-25', 0, 'interest'),
(11, 6342, 11, '2016-04-25', 0, 'interest'),
(12, 183, 12, '2016-04-25', 0, 'interest'),
(13, 1227, 13, '2016-04-25', 0, 'interest'),
(14, 1707, 14, '2016-04-25', 0, 'interest'),
(15, 6943, 15, '2016-04-25', 0, 'interest'),
(16, 2805, 16, '2016-04-25', 0, 'interest'),
(17, 7229, 17, '2016-04-25', 0, 'interest'),
(18, 1295, 18, '2016-04-25', 0, 'interest'),
(19, 6900, 19, '2016-04-25', 0, 'interest'),
(20, 7339, 20, '2016-04-25', 0, 'interest'),
(21, 10000, 21, '2016-04-25', 0, 'interest'),
(22, 707, 22, '2016-04-25', 0, 'interest'),
(23, 2243, 23, '2016-04-25', 0, 'interest'),
(24, 955, 24, '2016-04-25', 0, 'interest'),
(25, 1480, 25, '2016-04-25', 0, 'interest'),
(26, 58, 26, '2016-04-25', 0, 'interest'),
(27, 348, 27, '2016-04-25', 0, 'interest'),
(28, 1510, 28, '2016-04-25', 0, 'interest'),
(29, 1500, 29, '2016-04-25', 0, 'interest'),
(30, 8434, 30, '2016-04-25', 0, 'interest'),
(31, 84, 31, '2016-04-25', 0, 'interest'),
(32, 782, 32, '2016-04-25', 0, 'interest'),
(33, 444, 33, '2016-04-25', 0, 'interest'),
(34, 1767, 34, '2016-04-25', 0, 'interest'),
(35, 50, 35, '2016-04-25', 0, 'interest'),
(36, 3743, 36, '2016-04-25', 0, 'interest'),
(37, 1336, 37, '2016-04-25', 0, 'interest'),
(38, 8701, 38, '2016-04-25', 0, 'interest'),
(39, 484, 39, '2016-04-25', 0, 'interest'),
(40, 308, 40, '2016-04-25', 0, 'interest'),
(41, 0, 41, '2016-04-25', 0, 'interest'),
(42, 275, 42, '2016-04-25', 0, 'interest'),
(43, 404, 43, '2016-04-25', 0, 'interest'),
(44, 0, 44, '2016-04-25', 0, 'interest'),
(45, 59, 45, '2016-04-25', 0, 'interest'),
(46, 469, 46, '2016-04-25', 0, 'interest'),
(47, 134, 47, '2016-04-25', 0, 'interest'),
(48, 481, 48, '2016-04-25', 0, 'interest'),
(49, 390, 49, '2016-04-25', 0, 'interest'),
(50, 383, 50, '2016-04-25', 0, 'interest'),
(51, 500, 51, '2016-04-25', 0, 'interest'),
(52, 0, 52, '2016-04-25', 0, 'interest'),
(53, 0, 53, '2016-04-25', 0, 'interest'),
(54, 417, 54, '2016-04-25', 0, 'interest'),
(55, 446, 55, '2016-04-25', 0, 'interest'),
(56, 500, 56, '2016-04-25', 0, 'interest');

-- --------------------------------------------------------

--
-- Table structure for table `loan_status`
--

CREATE TABLE IF NOT EXISTS `loan_status` (
  `idloan_status` int(11) NOT NULL,
  `status` varchar(45) NOT NULL
) ENGINE=InnoDB AUTO_INCREMENT=3 DEFAULT CHARSET=latin1;

--
-- Dumping data for table `loan_status`
--

INSERT INTO `loan_status` (`idloan_status`, `status`) VALUES
(1, 'cleared'),
(2, 'ongoing');

-- --------------------------------------------------------

--
-- Table structure for table `loan_types`
--

CREATE TABLE IF NOT EXISTS `loan_types` (
  `id` int(11) NOT NULL,
  `loan_type` varchar(45) NOT NULL
) ENGINE=InnoDB AUTO_INCREMENT=3 DEFAULT CHARSET=latin1;

--
-- Dumping data for table `loan_types`
--

INSERT INTO `loan_types` (`id`, `loan_type`) VALUES
(1, 'normal'),
(2, 'emergency');

-- --------------------------------------------------------

--
-- Table structure for table `members`
--

CREATE TABLE IF NOT EXISTS `members` (
  `member_no` varchar(100) DEFAULT NULL,
  `surname` varchar(100) NOT NULL,
  `other_names` varchar(100) NOT NULL,
  `gender` int(11) NOT NULL,
  `residence` varchar(100) NOT NULL,
  `id_no` varchar(100) NOT NULL,
  `dob` date NOT NULL,
  `reg_date` date NOT NULL,
  `address` varchar(100) NOT NULL,
  `phone` varchar(100) NOT NULL,
  `altphone` varchar(100) NOT NULL,
  `id` int(11) NOT NULL,
  `random_int` int(11) NOT NULL,
  `deffault_count` int(11) NOT NULL
) ENGINE=InnoDB AUTO_INCREMENT=191 DEFAULT CHARSET=latin1;

--
-- Dumping data for table `members`
--

INSERT INTO `members` (`member_no`, `surname`, `other_names`, `gender`, `residence`, `id_no`, `dob`, `reg_date`, `address`, `phone`, `altphone`, `id`, `random_int`, `deffault_count`) VALUES
('1', ' FRANCIS KARARI MUNGAI ', '0', 1, 'kamwangi', '0', '2016-11-01', '2016-11-01', '159', '7', '7', 1, -1, 0),
('2', ' JOSEPH NDUNGU NGANGA ', '0', 1, 'kamwangi', '0', '2016-02-01', '2016-02-01', '159', '7', '7', 2, -1, 0),
('3', ' BERNARD M MWANIKI ', '0', 1, 'kamwangi', '0', '2015-05-01', '2015-05-01', '159', '7', '7', 3, -1, 0),
('8', ' FRANCIS KIBE NGANGA ', '0', 1, 'kamwangi', '0', '2014-08-01', '2014-08-01', '159', '7', '7', 4, -1, 0),
('14', ' PETER KAREGA NGUGI ', '0', 1, 'kamwangi', '0', '2013-11-01', '2013-11-01', '159', '7', '7', 5, -1, 0),
('20', ' EMMANUEL MAINA KOMBA ', '0', 1, 'kamwangi', '0', '2013-02-01', '2013-02-01', '159', '7', '7', 6, -1, 0),
('21', ' MWANGI KIHARA ', '0', 1, 'kamwangi', '0', '2012-05-01', '2012-05-01', '159', '7', '7', 7, -1, 0),
('31', ' BENJAMIN CHOROMA ', '0', 1, 'kamwangi', '0', '2011-08-01', '2011-08-01', '159', '7', '7', 8, -1, 0),
('35', ' ARTHUR KIMANI MWAGO ', '0', 1, 'kamwangi', '0', '2010-11-01', '2010-11-01', '159', '7', '7', 9, -1, 0),
('36', ' SIMON NGAITA WAINAINA ', '0', 1, 'kamwangi', '0', '2010-02-01', '2010-02-01', '159', '7', '7', 10, -1, 0),
('37', ' SIMON KARANJA GAKARAU ', '0', 1, 'kamwangi', '0', '2009-05-01', '2009-05-01', '159', '7', '7', 11, -1, 0),
('43', ' FRANCIS NGANGA NYAGA ', '0', 1, 'kamwangi', '0', '2008-08-01', '2008-08-01', '159', '7', '7', 12, -1, 0),
('41', ' JOSEPH NDUNGU KIRUTHI ', '0', 1, 'kamwangi', '0', '2007-11-01', '2007-11-01', '159', '7', '7', 13, -1, 0),
('44', ' JOHN GATUNDU THIGA ', '0', 1, 'kamwangi', '0', '2007-02-01', '2007-02-01', '159', '7', '7', 14, -1, 0),
('46', ' NDUNGU KARANJA ', '0', 1, 'kamwangi', '0', '2006-05-01', '2006-05-01', '159', '7', '7', 15, -1, 0),
('58', ' SAMSON MAINA NGONYORO ', '0', 1, 'kamwangi', '0', '2005-08-01', '2005-08-01', '159', '7', '7', 16, -1, 0),
('107', ' RACHEAL WAITHIRA WAKABA ', '0', 1, 'kamwangi', '0', '2004-11-01', '2004-11-01', '159', '7', '7', 17, -1, 0),
('64', ' FLAVIAN MWANGI OMARI ', '0', 1, 'kamwangi', '0', '2004-02-01', '2004-02-01', '159', '7', '7', 18, -1, 0),
('65', ' SIMON MWENJA KIHARA ', '0', 1, 'kamwangi', '0', '2003-05-01', '2003-05-01', '159', '7', '7', 19, -1, 0),
('66', ' PETER NJOROGE MWANGI ', '0', 1, 'kamwangi', '0', '2002-08-01', '2002-08-01', '159', '7', '7', 20, -1, 0),
('68', ' PAUL NJOROGE KARICHU ', '0', 1, 'kamwangi', '0', '2001-11-01', '2001-11-01', '159', '7', '7', 21, -1, 0),
('90', ' SIMON MWAURA THIGA ', '0', 1, 'kamwangi', '0', '2001-02-01', '2001-02-01', '159', '7', '7', 22, -1, 0),
('72', ' DOUGLAS GITAU GITAKA ', '0', 1, 'kamwangi', '0', '2000-05-01', '2000-05-01', '159', '7', '7', 23, -1, 0),
('211', ' STEPHENE WAWERU WANY ', '0', 1, 'kamwangi', '0', '1999-08-01', '1999-08-01', '159', '7', '7', 24, -1, 0),
('96', ' PETER GACHUNGA MUOHA ', '0', 1, 'kamwangi', '0', '1998-11-01', '1998-11-01', '159', '7', '7', 25, -1, 0),
('97', ' JOHN BOSCO WAWERU ', '0', 1, 'kamwangi', '0', '1998-02-01', '1998-02-01', '159', '7', '7', 26, -1, 0),
('100', ' ALICe WANGARI NGANGA ', '0', 1, 'kamwangi', '0', '1997-05-01', '1997-05-01', '159', '7', '7', 27, -1, 0),
('109', ' PATRICK KARIUKU MAINGI ', '0', 1, 'kamwangi', '0', '1996-08-01', '1996-08-01', '159', '7', '7', 28, -1, 0),
('116', ' LAZARO KIMANI MUNIU ', '0', 1, 'kamwangi', '0', '1995-11-01', '1995-11-01', '159', '7', '7', 29, -1, 0),
('120', ' GEORGE WAHOGO REBO ', '0', 1, 'kamwangi', '0', '1995-02-01', '1995-02-01', '159', '7', '7', 30, -1, 0),
('121', ' PETER KUNGU GACHAU ', '0', 1, 'kamwangi', '0', '1994-05-01', '1994-05-01', '159', '7', '7', 31, -1, 0),
('128', ' FREDRICK KARANJA GACHUHI ', '0', 1, 'kamwangi', '0', '1993-08-01', '1993-08-01', '159', '7', '7', 32, -1, 0),
('129', ' TERESIA WANGARI MBURU ', '0', 1, 'kamwangi', '0', '1992-11-01', '1992-11-01', '159', '7', '7', 33, -1, 0),
('131', ' FRANCIS KAGENI MWAGO ', '0', 1, 'kamwangi', '0', '1992-02-01', '1992-02-01', '159', '7', '7', 34, -1, 0),
('135', ' SAMMUEL KOMBA ', '0', 1, 'kamwangi', '0', '1991-05-01', '1991-05-01', '159', '7', '7', 35, -1, 0),
('136', ' PETER MURIU NGANGA ', '0', 1, 'kamwangi', '0', '1990-08-01', '1990-08-01', '159', '7', '7', 36, -1, 0),
('138', ' HANNA WANGUI MUCHUGA ', '0', 1, 'kamwangi', '0', '1989-11-01', '1989-11-01', '159', '7', '7', 37, -1, 0),
('141', ' ZACHARIA NYORO ', '0', 1, 'kamwangi', '0', '1989-02-01', '1989-02-01', '159', '7', '7', 38, -1, 0),
('143', ' DANIEL WAWERU KIRUTHI ', '0', 1, 'kamwangi', '0', '1988-05-01', '1988-05-01', '159', '7', '7', 39, -1, 0),
('151', ' GABRIEL GITAU KAGUNDA ', '0', 1, 'kamwangi', '0', '1987-08-01', '1987-08-01', '159', '7', '7', 40, -1, 0),
('154', ' JOHN KAMAU MWAURA ', '0', 1, 'kamwangi', '0', '1986-11-01', '1986-11-01', '159', '7', '7', 41, -1, 0),
('155', ' MARTIN MATI MBITHI ', '0', 1, 'kamwangi', '0', '1986-02-01', '1986-02-01', '159', '7', '7', 42, -1, 0),
('156', ' PETER NJOORA ', '0', 1, 'kamwangi', '0', '1985-05-01', '1985-05-01', '159', '7', '7', 43, -1, 0),
('157', ' GEOFREY MUCHARA ', '0', 1, 'kamwangi', '0', '1984-08-01', '1984-08-01', '159', '7', '7', 44, -1, 0),
('158', ' SIMON WAWERU GITHUA ', '0', 1, 'kamwangi', '0', '1983-11-01', '1983-11-01', '159', '7', '7', 45, -1, 0),
('159', ' NDIRANGU PAUL KIHARA ', '0', 1, 'kamwangi', '0', '1983-02-01', '1983-02-01', '159', '7', '7', 46, -1, 0),
('210', ' PAUL MUNAKU NGUGI ', '0', 1, 'kamwangi', '0', '1982-05-01', '1982-05-01', '159', '7', '7', 47, -1, 0),
('114', ' SAMSON MNJOROGE KURIA ', '0', 1, 'kamwangi', '0', '1981-08-01', '1981-08-01', '159', '7', '7', 48, -1, 0),
('110', ' J.P.K NDIRANGU ', '0', 1, 'kamwangi', '0', '1980-11-01', '1980-11-01', '159', '7', '7', 49, -1, 0),
('161', ' PETER NGUGI WANYORO ', '0', 1, 'kamwangi', '0', '1980-02-01', '1980-02-01', '159', '7', '7', 50, -1, 0),
('162', ' JOHN NGANGA WAMBUI ', '0', 1, 'kamwangi', '0', '1979-05-01', '1979-05-01', '159', '7', '7', 51, -1, 0),
('104', 'RUTH NJERI WAHOTHI', '0', 1, 'kamwangi', '0', '1978-08-01', '1978-08-01', '159', '7', '7', 52, -1, 0),
('164', ' JOSEPH GICHEHA ', '0', 1, 'kamwangi', '0', '1977-11-01', '1977-11-01', '159', '7', '7', 53, -1, 0),
('163', ' SAMMUEL NGANGA KAMAU ', '0', 1, 'kamwangi', '0', '1977-02-01', '1977-02-01', '159', '7', '7', 54, -1, 0),
('300', ' DANIEL MAINA NGANGA ', '0', 1, 'kamwangi', '0', '1976-05-01', '1976-05-01', '159', '7', '7', 55, -1, 0),
('165', ' MAGRET WANJIKU KANENE ', '0', 1, 'kamwangi', '0', '1975-08-01', '1975-08-01', '159', '7', '7', 56, -1, 0),
('166', ' WILSON KARIMI KIBOI ', '0', 1, 'kamwangi', '0', '1974-11-01', '1974-11-01', '159', '7', '7', 57, -1, 0),
('167', ' JOHN MAINA NDUNGU ', '0', 1, 'kamwangi', '0', '1974-02-01', '1974-02-01', '159', '7', '7', 58, -1, 0),
('165', ' SAMMUEL KAGUNYE ', '0', 1, 'kamwangi', '0', '1973-05-01', '1973-05-01', '159', '7', '7', 59, -1, 0),
('169', ' JOHN KARIUKI NDUNGU ', '0', 1, 'kamwangi', '0', '1972-08-01', '1972-08-01', '159', '7', '7', 60, -1, 0),
('180', ' JOSEPH GITAU KINUTHIA ', '0', 1, 'kamwangi', '0', '1971-11-01', '1971-11-01', '159', '7', '7', 61, -1, 0),
('171', ' DAVID NDEGWA KINUTHIA ', '0', 1, 'kamwangi', '0', '1971-02-01', '1971-02-01', '159', '7', '7', 62, -1, 0),
('172', ' GABRIEL WAITHAKA NDUNGU ', '0', 1, 'kamwangi', '0', '1970-05-01', '1970-05-01', '159', '7', '7', 63, -1, 0),
('175', ' PAUL MUIRURI NJUGUNA ', '0', 1, 'kamwangi', '0', '1969-08-01', '1969-08-01', '159', '7', '7', 64, -1, 0),
('173', ' JOSEPH GITAU NDUNGU ', '0', 1, 'kamwangi', '0', '1968-11-01', '1968-11-01', '159', '7', '7', 65, -1, 0),
('174', ' JOHN MWANGI MAINA ', '0', 1, 'kamwangi', '0', '1968-02-01', '1968-02-01', '159', '7', '7', 66, -1, 0),
('179', ' DAVUD GITAU KAMANDA ', '0', 1, 'kamwangi', '0', '1967-05-01', '1967-05-01', '159', '7', '7', 67, -1, 0),
('176', ' JOSEPH KUNGU MBUGUA ', '0', 1, 'kamwangi', '0', '1966-08-01', '1966-08-01', '159', '7', '7', 68, -1, 0),
('177', ' MOSES MBUGUA GITHINJI ', '0', 1, 'kamwangi', '0', '1965-11-01', '1965-11-01', '159', '7', '7', 69, -1, 0),
('178', ' CHARLES GOKERI MUGO ', '0', 1, 'kamwangi', '0', '1965-02-01', '1965-02-01', '159', '7', '7', 70, -1, 0),
('181', ' PETER MUIRURI MURORI ', '0', 1, 'kamwangi', '0', '1964-05-01', '1964-05-01', '159', '7', '7', 71, -1, 0),
('182', ' BERNARD THUO MWAURA ', '0', 1, 'kamwangi', '0', '1963-08-01', '1963-08-01', '159', '7', '7', 72, -1, 0),
('183', ' GATARWA MWIRIGI ', '0', 1, 'kamwangi', '0', '1962-11-01', '1962-11-01', '159', '7', '7', 73, -1, 0),
('184', ' PAUL MUIRURI  WAWERU ', '0', 1, 'kamwangi', '0', '1962-02-01', '1962-02-01', '159', '7', '7', 74, -1, 0),
('185', ' SAMMUEL MWAURA RUBIA ', '0', 1, 'kamwangi', '0', '1961-05-01', '1961-05-01', '159', '7', '7', 75, -1, 0),
('187', ' SAMMUEL NDUNGU MUGURE ', '0', 1, 'kamwangi', '0', '1960-08-01', '1960-08-01', '159', '7', '7', 76, -1, 0),
('189', ' MARTIN KIMANI NJOROGE ', '0', 1, 'kamwangi', '0', '1959-11-01', '1959-11-01', '159', '7', '7', 77, -1, 0),
('301', ' JOSEPH MBURU NDUNGU ', '0', 1, 'kamwangi', '0', '1959-02-01', '1959-02-01', '159', '7', '7', 78, -1, 0),
('191', ' JOSEPH RICHU THUO ', '0', 1, 'kamwangi', '0', '1958-05-01', '1958-05-01', '159', '7', '7', 79, -1, 0),
('192', ' LAWRENCE WAWERU KAMAU ', '0', 1, 'kamwangi', '0', '1957-08-01', '1957-08-01', '159', '7', '7', 80, -1, 0),
('193', ' HARUN MWANGI KAMAU ', '0', 1, 'kamwangi', '0', '1956-11-01', '1956-11-01', '159', '7', '7', 81, -1, 0),
('194', ' MAGRET WANJIKU KARANJA ', '0', 1, 'kamwangi', '0', '1956-02-01', '1956-02-01', '159', '7', '7', 82, -1, 0),
('195', ' JOSEPH MWANGI MUIRURI ', '0', 1, 'kamwangi', '0', '1955-05-01', '1955-05-01', '159', '7', '7', 83, -1, 0),
('196', ' CLEMENT NDICHU KIMANI ', '0', 1, 'kamwangi', '0', '1954-08-01', '1954-08-01', '159', '7', '7', 84, -1, 0),
('201', ' LUKAS KUNGU ', '0', 1, 'kamwangi', '0', '1953-11-01', '1953-11-01', '159', '7', '7', 85, -1, 0),
('203', ' JAMES NDICHU WAWERU ', '0', 1, 'kamwangi', '0', '1953-02-01', '1953-02-01', '159', '7', '7', 86, -1, 0),
('198', ' JOSEPH MWANIKI NJOROGE ', '0', 1, 'kamwangi', '0', '1952-05-01', '1952-05-01', '159', '7', '7', 87, -1, 0),
('199', ' MOSES MUMU MUTHOGA ', '0', 1, 'kamwangi', '0', '1951-08-01', '1951-08-01', '159', '7', '7', 88, -1, 0),
('200', ' BONFACE MAKUMI ', '0', 1, 'kamwangi', '0', '1950-11-01', '1950-11-01', '159', '7', '7', 89, -1, 0),
('202', ' SIMON NJAU NDUNGU ', '0', 1, 'kamwangi', '0', '1950-02-01', '1950-02-01', '159', '7', '7', 90, -1, 0),
('204', ' PATRICK NGANGA MWANGI', '0', 1, 'kamwangi', '0', '1949-05-01', '1949-05-01', '159', '7', '7', 91, -1, 0),
('205', ' ANTONY KARANJA NGURU ', '0', 1, 'kamwangi', '0', '1948-08-01', '1948-08-01', '159', '7', '7', 92, -1, 0),
('206', ' JACOB N. KIRAGU ', '0', 1, 'kamwangi', '0', '1947-11-01', '1947-11-01', '159', '7', '7', 93, -1, 0),
('207', ' GARIEL WARIMA NDUNGU ', '0', 1, 'kamwangi', '0', '1947-02-01', '1947-02-01', '159', '7', '7', 94, -1, 0),
('209', ' PETER NGATA MWANGI', '0', 1, 'kamwangi', '0', '1946-05-01', '1946-05-01', '159', '7', '7', 95, -1, 0),
('188', ' SAMMUEL NJOROGE NDUNGU ', '0', 1, 'kamwangi', '0', '1945-08-01', '1945-08-01', '159', '7', '7', 96, -1, 0),
('197', ' JANE MUTHONI WANUGU ', '0', 1, 'kamwangi', '0', '1944-11-01', '1944-11-01', '159', '7', '7', 97, -1, 0),
('600', ' CLEMENT MWANGI KAGIMBE ', '0', 1, 'kamwangi', '0', '1944-02-01', '1944-02-01', '159', '7', '7', 98, -1, 0),
('7', ' STEPHENE MWICIGI ', '0', 1, 'kamwangi', '0', '1943-05-01', '1943-05-01', '159', '7', '7', 99, -1, 0),
('5', ' GABRIEL GITAU NDUNGU ', '0', 1, 'kamwangi', '0', '1942-08-01', '1942-08-01', '159', '7', '7', 100, -1, 0),
('212', ' MARTIN NJOROGE GITHAIGA ', '0', 1, 'kamwangi', '0', '1941-11-01', '1941-11-01', '159', '7', '7', 101, -1, 0),
('213', ' MBUGUA GICHU ', '0', 1, 'kamwangi', '0', '1941-02-01', '1941-02-01', '159', '7', '7', 102, -1, 0),
('215', ' MICHEAL NDUNGU GAITHO ', '0', 1, 'kamwangi', '0', '1940-05-01', '1940-05-01', '159', '7', '7', 103, -1, 0),
('216', ' DANSONI MUNGAI ', '0', 1, 'kamwangi', '0', '1939-08-01', '1939-08-01', '159', '7', '7', 104, -1, 0),
('217', ' EDWARD KIARIE NDUNGU ', '0', 1, 'kamwangi', '0', '1938-11-01', '1938-11-01', '159', '7', '7', 105, -1, 0),
('218', ' JAMES CHEGE MWANGI ', '0', 1, 'kamwangi', '0', '1938-02-01', '1938-02-01', '159', '7', '7', 106, -1, 0),
('219', ' FRANCIS NJOROGE THUO ', '0', 1, 'kamwangi', '0', '1937-05-01', '1937-05-01', '159', '7', '7', 107, -1, 0),
('220', ' MARTIN NGANGA WAKABA ', '0', 1, 'kamwangi', '0', '1936-08-01', '1936-08-01', '159', '7', '7', 108, -1, 0),
('221', ' PATRICK MWAURA KURIA ', '0', 1, 'kamwangi', '0', '1935-11-01', '1935-11-01', '159', '7', '7', 109, -1, 0),
('222', ' JOHN KIMANI ITHAGA ', '0', 1, 'kamwangi', '0', '1935-02-01', '1935-02-01', '159', '7', '7', 110, -1, 0),
('223', ' BENEDOTOR NJERI ', '0', 1, 'kamwangi', '0', '1934-05-01', '1934-05-01', '159', '7', '7', 111, -1, 0),
('224', ' REGINA KABURA ', '0', 1, 'kamwangi', '0', '1933-08-01', '1933-08-01', '159', '7', '7', 112, -1, 0),
('225', ' THOMAS MACHARIA GITHINJI ', '0', 1, 'kamwangi', '0', '1932-11-01', '1932-11-01', '159', '7', '7', 113, -1, 0),
('226', ' MICHEAL KAGUNDA ', '0', 1, 'kamwangi', '0', '1932-02-01', '1932-02-01', '159', '7', '7', 114, -1, 0),
('227', ' HENRY MURITU ', '0', 1, 'kamwangi', '0', '1931-05-01', '1931-05-01', '159', '7', '7', 115, -1, 0),
('228', ' SAMMUEL MWANGI MAINA ', '0', 1, 'kamwangi', '0', '1930-08-01', '1930-08-01', '159', '7', '7', 116, -1, 0),
('229', ' STEPHENE NDICHU KARIRI', '0', 1, 'kamwangi', '0', '1929-11-01', '1929-11-01', '159', '7', '7', 117, -1, 0),
('230', ' ZACHARIA KARANJA ', '0', 1, 'kamwangi', '0', '1929-02-01', '1929-02-01', '159', '7', '7', 118, -1, 0),
('231', ' JOSEPH GITAU CHEGE ', '0', 1, 'kamwangi', '0', '1928-05-01', '1928-05-01', '159', '7', '7', 119, -1, 0),
('232', ' JOSEPH MUIGAI MWANGI ', '0', 1, 'kamwangi', '0', '1927-08-01', '1927-08-01', '159', '7', '7', 120, -1, 0),
('233', ' SAMMUEL MUKURU ', '0', 1, 'kamwangi', '0', '1926-11-01', '1926-11-01', '159', '7', '7', 121, -1, 0),
('234', ' JOHN MAINA NGANGA ', '0', 1, 'kamwangi', '0', '1926-02-01', '1926-02-01', '159', '7', '7', 122, -1, 0),
('235', ' MARTIN MWANGI GITAU ', '0', 1, 'kamwangi', '0', '1925-05-01', '1925-05-01', '159', '7', '7', 123, -1, 0),
('236', ' SAMMY NJOROGE MWENJA ', '0', 1, 'kamwangi', '0', '1924-08-01', '1924-08-01', '159', '7', '7', 124, -1, 0),
('237', 'JAMES NGANGA KAMAU', '0', 1, 'kamwangi', '0', '1923-11-01', '1923-11-01', '159', '7', '7', 125, -1, 0),
('238', 'FRANCIS WAWERU THOME', '0', 1, 'kamwangi', '0', '1923-02-01', '1923-02-01', '159', '7', '7', 126, -1, 0),
('239', 'JOHN MUTHAKA WANJIRU', '0', 1, 'kamwangi', '0', '1922-05-01', '1922-05-01', '159', '7', '7', 127, -1, 0),
('601', ' SAMMUEL. M. WAURA ', '0', 1, 'kamwangi', '0', '1921-08-01', '1921-08-01', '159', '7', '7', 128, -1, 0),
('602', ' BENSON THUKU ', '0', 1, 'kamwangi', '0', '1920-11-01', '1920-11-01', '159', '7', '7', 129, -1, 0),
('603', ' MICHEL NJUGUNA KAGOMBE ', '0', 1, 'kamwangi', '0', '1920-02-01', '1920-02-01', '159', '7', '7', 130, -1, 0),
('604', ' RAPHAEL G. MUIRURI ', '0', 1, 'kamwangi', '0', '1919-05-01', '1919-05-01', '159', '7', '7', 131, -1, 0),
('605', ' JACOB WAWERU.K ', '0', 1, 'kamwangi', '0', '1918-08-01', '1918-08-01', '159', '7', '7', 132, -1, 0),
('606', ' JULIUS KIRAGU KIMATA ', '0', 1, 'kamwangi', '0', '1917-11-01', '1917-11-01', '159', '7', '7', 133, -1, 0),
('607', ' ADREW MUTHEE MAMBO ', '0', 1, 'kamwangi', '0', '1917-02-01', '1917-02-01', '159', '7', '7', 134, -1, 0),
('608', ' FRANCIS MUGO MAINA ', '0', 1, 'kamwangi', '0', '1916-05-01', '1916-05-01', '159', '7', '7', 135, -1, 0),
('609', ' EDWARD WAWERU.K ', '0', 1, 'kamwangi', '0', '1915-08-01', '1915-08-01', '159', '7', '7', 136, -1, 0),
('610', ' JAMES N. THOTHO ', '0', 1, 'kamwangi', '0', '1914-11-01', '1914-11-01', '159', '7', '7', 137, -1, 0),
('611', ' STANELY MACHARIA ', '0', 1, 'kamwangi', '0', '1914-02-01', '1914-02-01', '159', '7', '7', 138, -1, 0),
('612', ' MERCY WANGUI KIRUTHI ', '0', 1, 'kamwangi', '0', '1913-05-01', '1913-05-01', '159', '7', '7', 139, -1, 0),
('613', ' OBADIAH MBURU M ', '0', 1, 'kamwangi', '0', '1912-08-01', '1912-08-01', '159', '7', '7', 140, -1, 0),
('614', ' JAMES MUNENE WAWERU ', '0', 1, 'kamwangi', '0', '1911-11-01', '1911-11-01', '159', '7', '7', 141, -1, 0),
('615', ' GABRIEL NDEGWA ', '0', 1, 'kamwangi', '0', '1911-02-01', '1911-02-01', '159', '7', '7', 142, -1, 0),
('616', ' STEPHENE MBURU MAINGI ', '0', 1, 'kamwangi', '0', '1910-05-01', '1910-05-01', '159', '7', '7', 143, -1, 0),
('617', ' CHARLES MAINA MURIMI ', '0', 1, 'kamwangi', '0', '1909-08-01', '1909-08-01', '159', '7', '7', 144, -1, 0),
('618', ' PAUL GITEE NYAMU ', '0', 1, 'kamwangi', '0', '1908-11-01', '1908-11-01', '159', '7', '7', 145, -1, 0),
('619', ' P.N. NDIRANGU ', '0', 1, 'kamwangi', '0', '1908-02-01', '1908-02-01', '159', '7', '7', 146, -1, 0),
('620', ' ASKAS MWAURA ', '0', 1, 'kamwangi', '0', '1907-05-01', '1907-05-01', '159', '7', '7', 147, -1, 0),
('621', ' DAVID KIMANI NDUNGU ', '0', 1, 'kamwangi', '0', '1906-08-01', '1906-08-01', '159', '7', '7', 148, -1, 0),
('622', ' JOHN MWAURA MWANGI ', '0', 1, 'kamwangi', '0', '1905-11-01', '1905-11-01', '159', '7', '7', 149, -1, 0),
('623', ' JULIUS WANJOHI ', '0', 1, 'kamwangi', '0', '1905-02-01', '1905-02-01', '159', '7', '7', 150, -1, 0),
('624', ' DEDAN KINYANJUI ', '0', 1, 'kamwangi', '0', '1904-05-01', '1904-05-01', '159', '7', '7', 151, -1, 0),
('625', ' GEORGE N MUTHUA ', '0', 1, 'kamwangi', '0', '1903-08-01', '1903-08-01', '159', '7', '7', 152, -1, 0),
('626', ' PATRICK M KIHARA ', '0', 1, 'kamwangi', '0', '1902-11-01', '1902-11-01', '159', '7', '7', 153, -1, 0),
('627', ' STEPHENE KAMAU ', '0', 1, 'kamwangi', '0', '1902-02-01', '1902-02-01', '159', '7', '7', 154, -1, 0),
('628', ' HENRY NJOROGE ', '0', 1, 'kamwangi', '0', '1901-05-01', '1901-05-01', '159', '7', '7', 155, -1, 0),
('629', ' EUGENE NJUI MURITU ', '0', 1, 'kamwangi', '0', '1900-08-01', '1900-08-01', '159', '7', '7', 156, -1, 0),
('630', ' PATRICK K. KIGIO ', '0', 1, 'kamwangi', '0', '2016-11-01', '2016-11-01', '159', '7', '7', 157, -1, 0),
('631', ' SIMON KABUI NJAU ', '0', 1, 'kamwangi', '0', '2016-02-01', '2016-02-01', '159', '7', '7', 158, -1, 0),
('632', ' ROBERT NJOROGE ', '0', 1, 'kamwangi', '0', '2016-11-01', '2016-11-01', '159', '7', '7', 159, -1, 0),
('633', ' PETER WAWERU KUNGU ', '0', 1, 'kamwangi', '0', '2016-02-01', '2016-02-01', '159', '7', '7', 160, -1, 0),
('634', ' PAUL MAINA MWANGI ', '0', 1, 'kamwangi', '0', '2016-11-01', '2016-11-01', '159', '7', '7', 161, -1, 0),
('635', ' SAMMUEL KAMAMI ', '0', 1, 'kamwangi', '0', '2016-02-01', '2016-02-01', '159', '7', '7', 162, -1, 0),
('636', ' ELIJAH MATHU KARIUKI ', '0', 1, 'kamwangi', '0', '2016-11-01', '2016-11-01', '159', '7', '7', 163, -1, 0),
('637', ' KINUTHIA MUNGAI ', '0', 1, 'kamwangi', '0', '2016-02-01', '2016-02-01', '159', '7', '7', 164, -1, 0),
('638', ' HARUN GACHERU NGOCHI ', '0', 1, 'kamwangi', '0', '2016-11-01', '2016-11-01', '159', '7', '7', 165, -1, 0),
('639', ' PATRICK NGUGI GITAU ', '0', 1, 'kamwangi', '0', '2016-02-01', '2016-02-01', '159', '7', '7', 166, -1, 0),
('640', ' JOHN KAGOMBE ', '0', 1, 'kamwangi', '0', '2016-11-01', '2016-11-01', '159', '7', '7', 167, -1, 0),
('641', ' STEPHENE WANYPIKE ', '0', 1, 'kamwangi', '0', '2016-02-01', '2016-02-01', '159', '7', '7', 168, -1, 0),
('642', ' JACOB N. KARAGU ', '0', 1, 'kamwangi', '0', '2016-11-01', '2016-11-01', '159', '7', '7', 169, -1, 0),
('643', ' PATRICK KARANJA GATHURI ', '0', 1, 'kamwangi', '0', '2016-02-01', '2016-02-01', '159', '7', '7', 170, -1, 0),
('644', ' SAMMUEL .G. WILFRED ', '0', 1, 'kamwangi', '0', '2016-11-01', '2016-11-01', '159', '7', '7', 171, -1, 0),
('645', ' JW RUKU ', '0', 1, 'kamwangi', '0', '2016-02-01', '2016-02-01', '159', '7', '7', 172, -1, 0),
('646', ' DAVID W. MAIYU ', '0', 1, 'kamwangi', '0', '2016-11-01', '2016-11-01', '159', '7', '7', 173, -1, 0),
('647', ' PATRICK MWAURA KURIA ', '0', 1, 'kamwangi', '0', '2016-02-01', '2016-02-01', '159', '7', '7', 174, -1, 0),
('648', ' BONFACE NGIGE ', '0', 1, 'kamwangi', '0', '2016-11-01', '2016-11-01', '159', '7', '7', 175, -1, 0),
('649', ' PETER MWANGI KARIUKI ', '0', 1, 'kamwangi', '0', '2016-02-01', '2016-02-01', '159', '7', '7', 176, -1, 0),
('650', ' ARTHUR KIMANI NJUGUNA ', '0', 1, 'kamwangi', '0', '2016-11-01', '2016-11-01', '159', '7', '7', 177, -1, 0),
('651', ' PAUL KAHIGA ', '0', 1, 'kamwangi', '0', '2016-02-01', '2016-02-01', '159', '7', '7', 178, -1, 0),
('652', ' PATRICK KABUI NJOROGE ', '0', 1, 'kamwangi', '0', '2016-11-01', '2016-11-01', '159', '7', '7', 179, -1, 0),
('653', ' SAMMUEL MWANGI NGUGI ', '0', 1, 'kamwangi', '0', '2016-02-01', '2016-02-01', '159', '7', '7', 180, -1, 0),
('654', ' MONICAH WARUINGE ', '0', 1, 'kamwangi', '0', '2016-11-01', '2016-11-01', '159', '7', '7', 181, -1, 0),
('655', ' DOMINIC .N. MUTUGU ', '0', 1, 'kamwangi', '0', '2016-02-01', '2016-02-01', '159', '7', '7', 182, -1, 0),
('656', ' JOHN MBUGUA ', '0', 1, 'kamwangi', '0', '2016-11-01', '2016-11-01', '159', '7', '7', 183, -1, 0),
('657', ' JAMES . K. GIKONYO ', '0', 1, 'kamwangi', '0', '2016-02-01', '2016-02-01', '159', '7', '7', 184, -1, 0),
('658', ' HENERY HURU WAINAINA ', '0', 1, 'kamwangi', '0', '2016-11-01', '2016-11-01', '159', '7', '7', 185, -1, 0),
('659', ' CHARLES. N NGATA ', '0', 1, 'kamwangi', '0', '2016-02-01', '2016-02-01', '159', '7', '7', 186, -1, 0),
('660', ' SIMON WAKABA ', '0', 1, 'kamwangi', '0', '2016-11-01', '2016-11-01', '159', '7', '7', 187, -1, 0),
('661', ' P. MURIITHI NDIRANGU ', '0', 1, 'kamwangi', '0', '2016-02-01', '2016-02-01', '159', '7', '7', 188, -1, 0),
('662', ' HENRY MACHARIA ', '0', 1, 'kamwangi', '0', '2015-05-01', '2015-05-01', '159', '7', '7', 189, -1, 0),
('663', ' WILLIAM KURIA BABU ', '0', 1, 'kamwangi', '0', '2014-08-01', '2014-08-01', '159', '7', '7', 190, -1, 0);

-- --------------------------------------------------------

--
-- Table structure for table `member_bills`
--

CREATE TABLE IF NOT EXISTS `member_bills` (
  `id` int(11) NOT NULL,
  `member_id` int(11) NOT NULL,
  `amount` int(11) NOT NULL,
  `narration` varchar(45) NOT NULL,
  `date_incured` date NOT NULL DEFAULT '2012-12-12',
  `random_int` int(11) NOT NULL
) ENGINE=InnoDB AUTO_INCREMENT=381 DEFAULT CHARSET=latin1;

--
-- Dumping data for table `member_bills`
--

INSERT INTO `member_bills` (`id`, `member_id`, `amount`, `narration`, `date_incured`, `random_int`) VALUES
(1, 1, 3000, 'shares', '2015-12-12', -1),
(2, 2, 3000, 'shares', '2015-12-12', -1),
(3, 3, 3000, 'shares', '2015-12-13', -1),
(4, 4, 3000, 'shares', '2015-12-13', -1),
(5, 5, 3000, 'shares', '2015-12-14', -1),
(6, 6, 3000, 'shares', '2015-12-14', -1),
(7, 7, 3000, 'shares', '2015-12-15', -1),
(8, 8, 3000, 'shares', '2015-12-15', -1),
(9, 9, 3000, 'shares', '2015-12-16', -1),
(10, 10, 3000, 'shares', '2015-12-16', -1),
(11, 11, 3000, 'shares', '2015-12-17', -1),
(12, 12, 3000, 'shares', '2015-12-17', -1),
(13, 13, 3000, 'shares', '2015-12-18', -1),
(14, 14, 3000, 'shares', '2015-12-18', -1),
(15, 15, 3000, 'shares', '2015-12-19', -1),
(16, 16, 3000, 'shares', '2015-12-19', -1),
(17, 17, 3000, 'shares', '2015-12-20', -1),
(18, 18, 3000, 'shares', '2015-12-20', -1),
(19, 19, 3000, 'shares', '2015-12-21', -1),
(20, 20, 3000, 'shares', '2015-12-21', -1),
(21, 21, 3000, 'shares', '2015-12-22', -1),
(22, 22, 3000, 'shares', '2015-12-22', -1),
(23, 23, 3000, 'shares', '2015-12-23', -1),
(24, 24, 3000, 'shares', '2015-12-23', -1),
(25, 25, 3000, 'shares', '2015-12-24', -1),
(26, 26, 3000, 'shares', '2015-12-24', -1),
(27, 27, 3000, 'shares', '2015-12-25', -1),
(28, 28, 3000, 'shares', '2015-12-25', -1),
(29, 29, 3000, 'shares', '2015-12-26', -1),
(30, 30, 3000, 'shares', '2015-12-26', -1),
(31, 31, 3000, 'shares', '2015-12-27', -1),
(32, 32, 3000, 'shares', '2015-12-27', -1),
(33, 33, 3000, 'shares', '2015-12-28', -1),
(34, 34, 3000, 'shares', '2015-12-28', -1),
(35, 35, 3000, 'shares', '2015-12-29', -1),
(36, 36, 3000, 'shares', '2015-12-29', -1),
(37, 37, 3000, 'shares', '2015-12-30', -1),
(38, 38, 3000, 'shares', '2015-12-30', -1),
(39, 39, 3000, 'shares', '2015-12-31', -1),
(40, 40, 3000, 'shares', '2015-12-31', -1),
(41, 41, 3000, 'shares', '0000-00-00', -1),
(42, 42, 3000, 'shares', '0000-00-00', -1),
(43, 43, 3000, 'shares', '0000-00-00', -1),
(44, 44, 3000, 'shares', '0000-00-00', -1),
(45, 45, 3000, 'shares', '0000-00-00', -1),
(46, 46, 3000, 'shares', '0000-00-00', -1),
(47, 47, 3000, 'shares', '0000-00-00', -1),
(48, 48, 3000, 'shares', '0000-00-00', -1),
(49, 49, 3000, 'shares', '0000-00-00', -1),
(50, 50, 3000, 'shares', '0000-00-00', -1),
(51, 51, 3000, 'shares', '0000-00-00', -1),
(52, 52, 3000, 'shares', '0000-00-00', -1),
(53, 53, 3000, 'shares', '0000-00-00', -1),
(54, 54, 3000, 'shares', '0000-00-00', -1),
(55, 55, 3000, 'shares', '0000-00-00', -1),
(56, 56, 3000, 'shares', '0000-00-00', -1),
(57, 57, 3000, 'shares', '0000-00-00', -1),
(58, 58, 3000, 'shares', '0000-00-00', -1),
(59, 59, 3000, 'shares', '0000-00-00', -1),
(60, 60, 3000, 'shares', '0000-00-00', -1),
(61, 61, 3000, 'shares', '0000-00-00', -1),
(62, 62, 3000, 'shares', '0000-00-00', -1),
(63, 62, 3000, 'shares', '0000-00-00', -1),
(64, 64, 3000, 'shares', '0000-00-00', -1),
(65, 65, 3000, 'shares', '0000-00-00', -1),
(66, 66, 3000, 'shares', '0000-00-00', -1),
(67, 67, 3000, 'shares', '0000-00-00', -1),
(68, 68, 3000, 'shares', '0000-00-00', -1),
(69, 69, 3000, 'shares', '0000-00-00', -1),
(70, 70, 3000, 'shares', '0000-00-00', -1),
(71, 71, 3000, 'shares', '0000-00-00', -1),
(72, 72, 3000, 'shares', '0000-00-00', -1),
(73, 73, 3000, 'shares', '0000-00-00', -1),
(74, 74, 3000, 'shares', '0000-00-00', -1),
(75, 75, 3000, 'shares', '0000-00-00', -1),
(76, 76, 3000, 'shares', '0000-00-00', -1),
(77, 77, 3000, 'shares', '0000-00-00', -1),
(78, 78, 3000, 'shares', '0000-00-00', -1),
(79, 79, 3000, 'shares', '0000-00-00', -1),
(80, 80, 3000, 'shares', '0000-00-00', -1),
(81, 81, 3000, 'shares', '0000-00-00', -1),
(82, 82, 3000, 'shares', '0000-00-00', -1),
(83, 83, 3000, 'shares', '0000-00-00', -1),
(84, 84, 3000, 'shares', '0000-00-00', -1),
(85, 85, 3000, 'shares', '0000-00-00', -1),
(86, 86, 3000, 'shares', '0000-00-00', -1),
(87, 87, 3000, 'shares', '0000-00-00', -1),
(88, 88, 3000, 'shares', '0000-00-00', -1),
(89, 89, 3000, 'shares', '0000-00-00', -1),
(90, 90, 3000, 'shares', '0000-00-00', -1),
(91, 91, 3000, 'shares', '0000-00-00', -1),
(92, 92, 3000, 'shares', '0000-00-00', -1),
(93, 93, 3000, 'shares', '0000-00-00', -1),
(94, 94, 3000, 'shares', '0000-00-00', -1),
(95, 95, 3000, 'shares', '0000-00-00', -1),
(96, 96, 3000, 'shares', '0000-00-00', -1),
(97, 97, 3000, 'shares', '0000-00-00', -1),
(98, 98, 3000, 'shares', '0000-00-00', -1),
(99, 99, 3000, 'shares', '0000-00-00', -1),
(100, 100, 3000, 'shares', '0000-00-00', -1),
(101, 101, 3000, 'shares', '0000-00-00', -1),
(102, 102, 3000, 'shares', '0000-00-00', -1),
(103, 103, 3000, 'shares', '0000-00-00', -1),
(104, 104, 3000, 'shares', '0000-00-00', -1),
(105, 105, 3000, 'shares', '0000-00-00', -1),
(106, 106, 3000, 'shares', '0000-00-00', -1),
(107, 107, 3000, 'shares', '0000-00-00', -1),
(108, 108, 3000, 'shares', '0000-00-00', -1),
(109, 109, 3000, 'shares', '0000-00-00', -1),
(110, 110, 3000, 'shares', '0000-00-00', -1),
(111, 111, 3000, 'shares', '0000-00-00', -1),
(112, 112, 3000, 'shares', '0000-00-00', -1),
(113, 113, 3000, 'shares', '0000-00-00', -1),
(114, 114, 3000, 'shares', '0000-00-00', -1),
(115, 115, 3000, 'shares', '0000-00-00', -1),
(116, 116, 3000, 'shares', '0000-00-00', -1),
(117, 117, 3000, 'shares', '0000-00-00', -1),
(118, 118, 3000, 'shares', '0000-00-00', -1),
(119, 119, 3000, 'shares', '0000-00-00', -1),
(120, 120, 3000, 'shares', '0000-00-00', -1),
(121, 121, 3000, 'shares', '0000-00-00', -1),
(122, 122, 3000, 'shares', '0000-00-00', -1),
(123, 123, 3000, 'shares', '0000-00-00', -1),
(124, 124, 3000, 'shares', '0000-00-00', -1),
(125, 125, 3000, 'shares', '0000-00-00', -1),
(126, 126, 3000, 'shares', '0000-00-00', -1),
(127, 127, 3000, 'shares', '0000-00-00', -1),
(128, 128, 3000, 'shares', '0000-00-00', -1),
(129, 129, 3000, 'shares', '0000-00-00', -1),
(130, 130, 3000, 'shares', '0000-00-00', -1),
(131, 131, 3000, 'shares', '0000-00-00', -1),
(132, 132, 3000, 'shares', '0000-00-00', -1),
(133, 133, 3000, 'shares', '0000-00-00', -1),
(134, 134, 3000, 'shares', '0000-00-00', -1),
(135, 135, 3000, 'shares', '0000-00-00', -1),
(136, 136, 3000, 'shares', '0000-00-00', -1),
(137, 137, 3000, 'shares', '0000-00-00', -1),
(138, 138, 3000, 'shares', '0000-00-00', -1),
(139, 139, 3000, 'shares', '0000-00-00', -1),
(140, 140, 3000, 'shares', '0000-00-00', -1),
(141, 141, 3000, 'shares', '0000-00-00', -1),
(142, 142, 3000, 'shares', '0000-00-00', -1),
(143, 143, 3000, 'shares', '0000-00-00', -1),
(144, 144, 3000, 'shares', '0000-00-00', -1),
(145, 145, 3000, 'shares', '0000-00-00', -1),
(146, 146, 3000, 'shares', '0000-00-00', -1),
(147, 147, 3000, 'shares', '0000-00-00', -1),
(148, 148, 3000, 'shares', '0000-00-00', -1),
(149, 149, 3000, 'shares', '0000-00-00', -1),
(150, 150, 3000, 'shares', '0000-00-00', -1),
(151, 151, 3000, 'shares', '0000-00-00', -1),
(152, 152, 3000, 'shares', '0000-00-00', -1),
(153, 153, 3000, 'shares', '0000-00-00', -1),
(154, 154, 3000, 'shares', '0000-00-00', -1),
(155, 155, 3000, 'shares', '0000-00-00', -1),
(156, 156, 3000, 'shares', '0000-00-00', -1),
(157, 157, 3000, 'shares', '0000-00-00', -1),
(158, 158, 3000, 'shares', '0000-00-00', -1),
(159, 159, 3000, 'shares', '0000-00-00', -1),
(160, 160, 3000, 'shares', '0000-00-00', -1),
(161, 161, 3000, 'shares', '0000-00-00', -1),
(162, 162, 3000, 'shares', '0000-00-00', -1),
(163, 163, 3000, 'shares', '0000-00-00', -1),
(164, 164, 3000, 'shares', '0000-00-00', -1),
(165, 165, 3000, 'shares', '0000-00-00', -1),
(166, 166, 3000, 'shares', '0000-00-00', -1),
(167, 167, 3000, 'shares', '0000-00-00', -1),
(168, 168, 3000, 'shares', '0000-00-00', -1),
(169, 169, 3000, 'shares', '0000-00-00', -1),
(170, 170, 3000, 'shares', '0000-00-00', -1),
(171, 171, 3000, 'shares', '0000-00-00', -1),
(172, 172, 3000, 'shares', '0000-00-00', -1),
(173, 173, 3000, 'shares', '0000-00-00', -1),
(174, 174, 3000, 'shares', '0000-00-00', -1),
(175, 175, 3000, 'shares', '0000-00-00', -1),
(176, 176, 3000, 'shares', '0000-00-00', -1),
(177, 177, 3000, 'shares', '0000-00-00', -1),
(178, 178, 3000, 'shares', '0000-00-00', -1),
(179, 179, 3000, 'shares', '0000-00-00', -1),
(180, 180, 3000, 'shares', '0000-00-00', -1),
(181, 181, 3000, 'shares', '0000-00-00', -1),
(182, 182, 3000, 'shares', '0000-00-00', -1),
(183, 183, 3000, 'shares', '0000-00-00', -1),
(184, 184, 3000, 'shares', '0000-00-00', -1),
(185, 185, 3000, 'shares', '0000-00-00', -1),
(186, 186, 3000, 'shares', '0000-00-00', -1),
(187, 187, 3000, 'shares', '0000-00-00', -1),
(188, 188, 3000, 'shares', '0000-00-00', -1),
(189, 189, 3000, 'shares', '0000-00-00', -1),
(190, 190, 3000, 'shares', '0000-00-00', -1),
(191, 1, 1000, 'registration', '2015-12-12', -1),
(192, 2, 1000, 'registration', '2015-12-12', -1),
(193, 3, 1000, 'registration', '2015-12-13', -1),
(194, 4, 1000, 'registration', '2015-12-13', -1),
(195, 5, 1000, 'registration', '2015-12-14', -1),
(196, 6, 1000, 'registration', '2015-12-14', -1),
(197, 7, 1000, 'registration', '2015-12-15', -1),
(198, 8, 1000, 'registration', '2015-12-15', -1),
(199, 9, 1000, 'registration', '2015-12-16', -1),
(200, 10, 1000, 'registration', '2015-12-16', -1),
(201, 11, 1000, 'registration', '2015-12-17', -1),
(202, 12, 1000, 'registration', '2015-12-17', -1),
(203, 13, 1000, 'registration', '2015-12-18', -1),
(204, 14, 1000, 'registration', '2015-12-18', -1),
(205, 15, 1000, 'registration', '2015-12-19', -1),
(206, 16, 1000, 'registration', '2015-12-19', -1),
(207, 17, 1000, 'registration', '2015-12-20', -1),
(208, 18, 1000, 'registration', '2015-12-20', -1),
(209, 19, 1000, 'registration', '2015-12-21', -1),
(210, 20, 1000, 'registration', '2015-12-21', -1),
(211, 21, 1000, 'registration', '2015-12-22', -1),
(212, 22, 1000, 'registration', '2015-12-22', -1),
(213, 23, 1000, 'registration', '2015-12-23', -1),
(214, 24, 1000, 'registration', '2015-12-23', -1),
(215, 25, 1000, 'registration', '2015-12-24', -1),
(216, 26, 1000, 'registration', '2015-12-24', -1),
(217, 27, 1000, 'registration', '2015-12-25', -1),
(218, 28, 1000, 'registration', '2015-12-25', -1),
(219, 29, 1000, 'registration', '2015-12-26', -1),
(220, 30, 1000, 'registration', '2015-12-26', -1),
(221, 31, 1000, 'registration', '2015-12-27', -1),
(222, 32, 1000, 'registration', '2015-12-27', -1),
(223, 33, 1000, 'registration', '2015-12-28', -1),
(224, 34, 1000, 'registration', '2015-12-28', -1),
(225, 35, 1000, 'registration', '2015-12-29', -1),
(226, 36, 1000, 'registration', '2015-12-29', -1),
(227, 37, 1000, 'registration', '2015-12-30', -1),
(228, 38, 1000, 'registration', '2015-12-30', -1),
(229, 39, 1000, 'registration', '2015-12-31', -1),
(230, 40, 1000, 'registration', '2015-12-31', -1),
(231, 41, 1000, 'registration', '0000-00-00', -1),
(232, 42, 1000, 'registration', '0000-00-00', -1),
(233, 43, 1000, 'registration', '0000-00-00', -1),
(234, 44, 1000, 'registration', '0000-00-00', -1),
(235, 45, 1000, 'registration', '0000-00-00', -1),
(236, 46, 1000, 'registration', '0000-00-00', -1),
(237, 47, 1000, 'registration', '0000-00-00', -1),
(238, 48, 1000, 'registration', '0000-00-00', -1),
(239, 49, 1000, 'registration', '0000-00-00', -1),
(240, 50, 1000, 'registration', '0000-00-00', -1),
(241, 51, 1000, 'registration', '0000-00-00', -1),
(242, 52, 1000, 'registration', '0000-00-00', -1),
(243, 53, 1000, 'registration', '0000-00-00', -1),
(244, 54, 1000, 'registration', '0000-00-00', -1),
(245, 55, 1000, 'registration', '0000-00-00', -1),
(246, 56, 1000, 'registration', '0000-00-00', -1),
(247, 57, 1000, 'registration', '0000-00-00', -1),
(248, 58, 1000, 'registration', '0000-00-00', -1),
(249, 59, 1000, 'registration', '0000-00-00', -1),
(250, 60, 1000, 'registration', '0000-00-00', -1),
(251, 61, 1000, 'registration', '0000-00-00', -1),
(252, 62, 1000, 'registration', '0000-00-00', -1),
(253, 62, 1000, 'registration', '0000-00-00', -1),
(254, 64, 1000, 'registration', '0000-00-00', -1),
(255, 65, 1000, 'registration', '0000-00-00', -1),
(256, 66, 1000, 'registration', '0000-00-00', -1),
(257, 67, 1000, 'registration', '0000-00-00', -1),
(258, 68, 1000, 'registration', '0000-00-00', -1),
(259, 69, 1000, 'registration', '0000-00-00', -1),
(260, 70, 1000, 'registration', '0000-00-00', -1),
(261, 71, 1000, 'registration', '0000-00-00', -1),
(262, 72, 1000, 'registration', '0000-00-00', -1),
(263, 73, 1000, 'registration', '0000-00-00', -1),
(264, 74, 1000, 'registration', '0000-00-00', -1),
(265, 75, 1000, 'registration', '0000-00-00', -1),
(266, 76, 1000, 'registration', '0000-00-00', -1),
(267, 77, 1000, 'registration', '0000-00-00', -1),
(268, 78, 1000, 'registration', '0000-00-00', -1),
(269, 79, 1000, 'registration', '0000-00-00', -1),
(270, 80, 1000, 'registration', '0000-00-00', -1),
(271, 81, 1000, 'registration', '0000-00-00', -1),
(272, 82, 1000, 'registration', '0000-00-00', -1),
(273, 83, 1000, 'registration', '0000-00-00', -1),
(274, 84, 1000, 'registration', '0000-00-00', -1),
(275, 85, 1000, 'registration', '0000-00-00', -1),
(276, 86, 1000, 'registration', '0000-00-00', -1),
(277, 87, 1000, 'registration', '0000-00-00', -1),
(278, 88, 1000, 'registration', '0000-00-00', -1),
(279, 89, 1000, 'registration', '0000-00-00', -1),
(280, 90, 1000, 'registration', '0000-00-00', -1),
(281, 91, 1000, 'registration', '0000-00-00', -1),
(282, 92, 1000, 'registration', '0000-00-00', -1),
(283, 93, 1000, 'registration', '0000-00-00', -1),
(284, 94, 1000, 'registration', '0000-00-00', -1),
(285, 95, 1000, 'registration', '0000-00-00', -1),
(286, 96, 1000, 'registration', '0000-00-00', -1),
(287, 97, 1000, 'registration', '0000-00-00', -1),
(288, 98, 1000, 'registration', '0000-00-00', -1),
(289, 99, 1000, 'registration', '0000-00-00', -1),
(290, 100, 1000, 'registration', '0000-00-00', -1),
(291, 101, 1000, 'registration', '0000-00-00', -1),
(292, 102, 1000, 'registration', '0000-00-00', -1),
(293, 103, 1000, 'registration', '0000-00-00', -1),
(294, 104, 1000, 'registration', '0000-00-00', -1),
(295, 105, 1000, 'registration', '0000-00-00', -1),
(296, 106, 1000, 'registration', '0000-00-00', -1),
(297, 107, 1000, 'registration', '0000-00-00', -1),
(298, 108, 1000, 'registration', '0000-00-00', -1),
(299, 109, 1000, 'registration', '0000-00-00', -1),
(300, 110, 1000, 'registration', '0000-00-00', -1),
(301, 111, 1000, 'registration', '0000-00-00', -1),
(302, 112, 1000, 'registration', '0000-00-00', -1),
(303, 113, 1000, 'registration', '0000-00-00', -1),
(304, 114, 1000, 'registration', '0000-00-00', -1),
(305, 115, 1000, 'registration', '0000-00-00', -1),
(306, 116, 1000, 'registration', '0000-00-00', -1),
(307, 117, 1000, 'registration', '0000-00-00', -1),
(308, 118, 1000, 'registration', '0000-00-00', -1),
(309, 119, 1000, 'registration', '0000-00-00', -1),
(310, 120, 1000, 'registration', '0000-00-00', -1),
(311, 121, 1000, 'registration', '0000-00-00', -1),
(312, 122, 1000, 'registration', '0000-00-00', -1),
(313, 123, 1000, 'registration', '0000-00-00', -1),
(314, 124, 1000, 'registration', '0000-00-00', -1),
(315, 125, 1000, 'registration', '0000-00-00', -1),
(316, 126, 1000, 'registration', '0000-00-00', -1),
(317, 127, 1000, 'registration', '0000-00-00', -1),
(318, 128, 1000, 'registration', '0000-00-00', -1),
(319, 129, 1000, 'registration', '0000-00-00', -1),
(320, 130, 1000, 'registration', '0000-00-00', -1),
(321, 131, 1000, 'registration', '0000-00-00', -1),
(322, 132, 1000, 'registration', '0000-00-00', -1),
(323, 133, 1000, 'registration', '0000-00-00', -1),
(324, 134, 1000, 'registration', '0000-00-00', -1),
(325, 135, 1000, 'registration', '0000-00-00', -1),
(326, 136, 1000, 'registration', '0000-00-00', -1),
(327, 137, 1000, 'registration', '0000-00-00', -1),
(328, 138, 1000, 'registration', '0000-00-00', -1),
(329, 139, 1000, 'registration', '0000-00-00', -1),
(330, 140, 1000, 'registration', '0000-00-00', -1),
(331, 141, 1000, 'registration', '0000-00-00', -1),
(332, 142, 1000, 'registration', '0000-00-00', -1),
(333, 143, 1000, 'registration', '0000-00-00', -1),
(334, 144, 1000, 'registration', '0000-00-00', -1),
(335, 145, 1000, 'registration', '0000-00-00', -1),
(336, 146, 1000, 'registration', '0000-00-00', -1),
(337, 147, 1000, 'registration', '0000-00-00', -1),
(338, 148, 1000, 'registration', '0000-00-00', -1),
(339, 149, 1000, 'registration', '0000-00-00', -1),
(340, 150, 1000, 'registration', '0000-00-00', -1),
(341, 151, 1000, 'registration', '0000-00-00', -1),
(342, 152, 1000, 'registration', '0000-00-00', -1),
(343, 153, 1000, 'registration', '0000-00-00', -1),
(344, 154, 1000, 'registration', '0000-00-00', -1),
(345, 155, 1000, 'registration', '0000-00-00', -1),
(346, 156, 1000, 'registration', '0000-00-00', -1),
(347, 157, 1000, 'registration', '0000-00-00', -1),
(348, 158, 1000, 'registration', '0000-00-00', -1),
(349, 159, 1000, 'registration', '0000-00-00', -1),
(350, 160, 1000, 'registration', '0000-00-00', -1),
(351, 161, 1000, 'registration', '0000-00-00', -1),
(352, 162, 1000, 'registration', '0000-00-00', -1),
(353, 163, 1000, 'registration', '0000-00-00', -1),
(354, 164, 1000, 'registration', '0000-00-00', -1),
(355, 165, 1000, 'registration', '0000-00-00', -1),
(356, 166, 1000, 'registration', '0000-00-00', -1),
(357, 167, 1000, 'registration', '0000-00-00', -1),
(358, 168, 1000, 'registration', '0000-00-00', -1),
(359, 169, 1000, 'registration', '0000-00-00', -1),
(360, 170, 1000, 'registration', '0000-00-00', -1),
(361, 171, 1000, 'registration', '0000-00-00', -1),
(362, 172, 1000, 'registration', '0000-00-00', -1),
(363, 173, 1000, 'registration', '0000-00-00', -1),
(364, 174, 1000, 'registration', '0000-00-00', -1),
(365, 175, 1000, 'registration', '0000-00-00', -1),
(366, 176, 1000, 'registration', '0000-00-00', -1),
(367, 177, 1000, 'registration', '0000-00-00', -1),
(368, 178, 1000, 'registration', '0000-00-00', -1),
(369, 179, 1000, 'registration', '0000-00-00', -1),
(370, 180, 1000, 'registration', '0000-00-00', -1),
(371, 181, 1000, 'registration', '0000-00-00', -1),
(372, 182, 1000, 'registration', '0000-00-00', -1),
(373, 183, 1000, 'registration', '0000-00-00', -1),
(374, 184, 1000, 'registration', '0000-00-00', -1),
(375, 185, 1000, 'registration', '0000-00-00', -1),
(376, 186, 1000, 'registration', '0000-00-00', -1),
(377, 187, 1000, 'registration', '0000-00-00', -1),
(378, 188, 1000, 'registration', '0000-00-00', -1),
(379, 189, 1000, 'registration', '0000-00-00', -1),
(380, 190, 1000, 'registration', '0000-00-00', -1);

-- --------------------------------------------------------

--
-- Table structure for table `payment_modes`
--

CREATE TABLE IF NOT EXISTS `payment_modes` (
  `id` int(11) NOT NULL,
  `payment_mode` varchar(45) NOT NULL
) ENGINE=InnoDB AUTO_INCREMENT=2 DEFAULT CHARSET=latin1;

--
-- Dumping data for table `payment_modes`
--

INSERT INTO `payment_modes` (`id`, `payment_mode`) VALUES
(1, '1');

-- --------------------------------------------------------

--
-- Table structure for table `payment_summary`
--

CREATE TABLE IF NOT EXISTS `payment_summary` (
  `id` int(11) NOT NULL,
  `date_prepared` date NOT NULL
) ENGINE=InnoDB DEFAULT CHARSET=latin1;

-- --------------------------------------------------------

--
-- Table structure for table `payment_summary_items`
--

CREATE TABLE IF NOT EXISTS `payment_summary_items` (
  `id` int(11) NOT NULL,
  `member_name` int(11) NOT NULL,
  `paid_shares` int(11) NOT NULL,
  `deposited_amount` int(11) NOT NULL,
  `normal_loan_paid` int(11) NOT NULL,
  `normal_loan_interest_paid` int(11) NOT NULL,
  `emergency_loan_paid` int(11) NOT NULL,
  `emergency_loan_interest_paid` int(11) NOT NULL,
  `payment_summary_id` int(11) NOT NULL,
  `withdrawalincome` int(11) NOT NULL,
  `withdrawal` int(11) NOT NULL,
  `negotiation` int(11) NOT NULL,
  `registration` int(11) NOT NULL
) ENGINE=InnoDB DEFAULT CHARSET=latin1;

-- --------------------------------------------------------

--
-- Table structure for table `sacco_income`
--

CREATE TABLE IF NOT EXISTS `sacco_income` (
  `transaction_no` varchar(100) NOT NULL,
  `date_collected` date NOT NULL,
  `source` int(11) NOT NULL,
  `amount` int(11) NOT NULL,
  `id` int(11) NOT NULL
) ENGINE=InnoDB DEFAULT CHARSET=latin1;

-- --------------------------------------------------------

--
-- Table structure for table `sacco_items_sellable`
--

CREATE TABLE IF NOT EXISTS `sacco_items_sellable` (
  `id` int(11) NOT NULL,
  `title` varchar(45) NOT NULL,
  `description` varchar(45) NOT NULL,
  `value` int(11) NOT NULL
) ENGINE=InnoDB DEFAULT CHARSET=latin1;

-- --------------------------------------------------------

--
-- Table structure for table `sacco_ledgers`
--

CREATE TABLE IF NOT EXISTS `sacco_ledgers` (
  `id` int(11) NOT NULL,
  `name` varchar(45) NOT NULL,
  `description` varchar(45) DEFAULT NULL,
  `is_credit` tinyint(1) NOT NULL
) ENGINE=InnoDB AUTO_INCREMENT=46 DEFAULT CHARSET=latin1;

--
-- Dumping data for table `sacco_ledgers`
--

INSERT INTO `sacco_ledgers` (`id`, `name`, `description`, `is_credit`) VALUES
(1, 'SHARE CAPITAL', 'the share for each member', 1),
(2, 'CASH IN BANK (INVESTIMENT)', NULL, 0),
(3, 'CASH IN HAND (INVESTIMENT)', NULL, 0),
(4, 'CASH IN BANK (TAI SACCO)', NULL, 0),
(5, 'CASH IN BANK (PETRO A/C)', NULL, 0),
(6, 'CASH IN HAND (SACCO A/CO)', NULL, 0),
(7, 'CASH AT BANK', NULL, 0),
(8, 'MEMBERS DEPOSITS', NULL, 1),
(9, 'SALARIES', NULL, 0),
(10, 'REBATES FROM KUSSCO', NULL, 0),
(11, 'INSURANCE COVER KUSCO', NULL, 0),
(12, 'INVESTIMENT (KUSCO)', NULL, 0),
(13, 'PROPERTY PLANT AND EQUIPMENT', NULL, 0),
(14, 'COOPERATIVE ALLIANCE OF KENYA', NULL, 0),
(15, 'POST OFFICE FEE', NULL, 0),
(16, 'PURCHASES', NULL, 0),
(17, 'SALE OF LOAN FORMS', NULL, 1),
(18, 'ENTRANCE FEE', NULL, 1),
(19, 'WITHDRAWAL INCOME', NULL, 1),
(20, 'INTEREST ON MEMBERS DEPOSITS', NULL, 0),
(21, 'WITHHOLDING TAX', NULL, 0),
(22, 'MEMBERS LOAN', NULL, 0),
(23, 'MOTOR VEHICLE LOAN', NULL, 0),
(24, 'INTEREST FROM MOTOR VEHICLE LOAN', NULL, 1),
(25, 'MOTOR VEHICLEEXPENSES(INVEST A/C)', NULL, 0),
(26, 'STATUTORY RESERVE', NULL, 1),
(27, 'RETAINED EARNINGS', NULL, 1),
(28, 'SUNDRY DEBTORS', NULL, 0),
(29, 'CREDITORS', NULL, 1),
(30, 'INTEREST PAID(FROM LOAN)', NULL, 1),
(31, 'BANK CHARGES(SACCO a/c)', NULL, 0),
(32, 'BANK CHARGES(INVEST a/c)', NULL, 0),
(33, 'BANK CHARGES(TAI SACCO)', NULL, 0),
(34, 'LEGAL FEE', NULL, 0),
(35, 'DEPRECIATION', NULL, 0),
(36, 'NSSF', NULL, 0),
(37, 'RECOVERABLE EXPENSES', NULL, 0),
(38, 'AGM EXPENSES', NULL, 0),
(39, 'REFUNDS', NULL, 0),
(40, 'STATIONERIES', NULL, 0),
(41, 'NEGOTIATION FEE', NULL, 1),
(42, 'COMMITTEE SITTING ALLOWANCE', NULL, 0),
(43, 'MEMBERS WITHDRAW', NULL, 0),
(44, 'UNPAID NEGOTIATION FEE', NULL, 1),
(45, 'UNPAID LOAN INTEREST', NULL, 1);

-- --------------------------------------------------------

--
-- Table structure for table `sacco_ledger_entries`
--

CREATE TABLE IF NOT EXISTS `sacco_ledger_entries` (
  `id` int(11) NOT NULL,
  `ledger_id` int(11) NOT NULL,
  `dr` int(11) NOT NULL,
  `cr` int(11) NOT NULL,
  `date_when` date NOT NULL,
  `particulars` longtext NOT NULL,
  `status_billed` tinyint(1) NOT NULL DEFAULT '0',
  `is_general` tinyint(1) NOT NULL
) ENGINE=InnoDB DEFAULT CHARSET=latin1;

-- --------------------------------------------------------

--
-- Table structure for table `schedule_status`
--

CREATE TABLE IF NOT EXISTS `schedule_status` (
  `idschedule_status` int(11) NOT NULL,
  `status` varchar(45) NOT NULL
) ENGINE=InnoDB AUTO_INCREMENT=5 DEFAULT CHARSET=latin1;

--
-- Dumping data for table `schedule_status`
--

INSERT INTO `schedule_status` (`idschedule_status`, `status`) VALUES
(1, 'Pending'),
(2, 'Current'),
(3, 'Over due'),
(4, 'Cleared');

-- --------------------------------------------------------

--
-- Table structure for table `system_settings`
--

CREATE TABLE IF NOT EXISTS `system_settings` (
  `id` int(11) NOT NULL,
  `title` varchar(45) NOT NULL,
  `value` varchar(45) NOT NULL
) ENGINE=InnoDB AUTO_INCREMENT=8 DEFAULT CHARSET=latin1;

--
-- Dumping data for table `system_settings`
--

INSERT INTO `system_settings` (`id`, `title`, `value`) VALUES
(1, 'Shares', '3000'),
(2, 'Registration', '1000'),
(3, 'LoanInterestRate', '12'),
(4, 'Loan Negotiation', '1'),
(5, 'Loan Processing', '0'),
(6, 'withdrawalcharges', '3000'),
(7, 'last_synched', '2016-02-28');

-- --------------------------------------------------------

--
-- Table structure for table `users`
--

CREATE TABLE IF NOT EXISTS `users` (
  `Username` varchar(50) NOT NULL,
  `pwd` varchar(45) NOT NULL,
  `role` varchar(45) NOT NULL DEFAULT ''
) ENGINE=InnoDB DEFAULT CHARSET=latin1;

-- --------------------------------------------------------

--
-- Table structure for table `withdrawal`
--

CREATE TABLE IF NOT EXISTS `withdrawal` (
  `id` int(11) NOT NULL,
  `member_id` int(11) NOT NULL,
  `date_when` date NOT NULL,
  `amount` int(11) NOT NULL,
  `comments` mediumtext,
  `withdrawalcharges` int(11) NOT NULL,
  `status_billed` tinyint(1) NOT NULL
) ENGINE=InnoDB DEFAULT CHARSET=latin1;

--
-- Indexes for dumped tables
--

--
-- Indexes for table `account_status`
--
ALTER TABLE `account_status`
  ADD PRIMARY KEY (`id`);

--
-- Indexes for table `account_transitions`
--
ALTER TABLE `account_transitions`
  ADD PRIMARY KEY (`id`),
  ADD KEY `index2` (`account`),
  ADD KEY `status` (`status`);

--
-- Indexes for table `bankings`
--
ALTER TABLE `bankings`
  ADD PRIMARY KEY (`id`);

--
-- Indexes for table `bill_transactions`
--
ALTER TABLE `bill_transactions`
  ADD PRIMARY KEY (`id`),
  ADD KEY `fk_bill_payments_1_idx` (`bill_id`);

--
-- Indexes for table `collections`
--
ALTER TABLE `collections`
  ADD PRIMARY KEY (`id`),
  ADD KEY `fk_collections_1_idx` (`member_id`),
  ADD KEY `fk_collections_2_idx` (`collectionstype`);

--
-- Indexes for table `collection_types`
--
ALTER TABLE `collection_types`
  ADD PRIMARY KEY (`id`);

--
-- Indexes for table `debtors_account_ledgers_entries`
--
ALTER TABLE `debtors_account_ledgers_entries`
  ADD PRIMARY KEY (`id`),
  ADD KEY `fk_debtors_account_ledgers_entries_1_idx` (`debtors_account_id`);

--
-- Indexes for table `deposit_cash`
--
ALTER TABLE `deposit_cash`
  ADD PRIMARY KEY (`id`),
  ADD KEY `fk_deposit_cash_1_idx` (`member_no`),
  ADD KEY `fk_deposit_cash_2_idx` (`payment_mode`);

--
-- Indexes for table `deptors`
--
ALTER TABLE `deptors`
  ADD PRIMARY KEY (`id`);

--
-- Indexes for table `expenses`
--
ALTER TABLE `expenses`
  ADD PRIMARY KEY (`id`),
  ADD KEY `fk_expenses_1_idx` (`narration`),
  ADD KEY `fk_expenses_2_idx` (`payment_method`);

--
-- Indexes for table `expenses_category`
--
ALTER TABLE `expenses_category`
  ADD PRIMARY KEY (`id`);

--
-- Indexes for table `expenses_payment_method`
--
ALTER TABLE `expenses_payment_method`
  ADD PRIMARY KEY (`id`);

--
-- Indexes for table `fixed_asset`
--
ALTER TABLE `fixed_asset`
  ADD PRIMARY KEY (`id`);

--
-- Indexes for table `gender`
--
ALTER TABLE `gender`
  ADD PRIMARY KEY (`idgender`);

--
-- Indexes for table `guarantors`
--
ALTER TABLE `guarantors`
  ADD PRIMARY KEY (`id`),
  ADD KEY `fk_guarantors_2_idx` (`loan_id`),
  ADD KEY `fk_guarantors_1_idx` (`guarantor_id`);

--
-- Indexes for table `loan`
--
ALTER TABLE `loan`
  ADD PRIMARY KEY (`loan_id`),
  ADD KEY `fk_loan_2_idx` (`loan_status`),
  ADD KEY `fk_loan_1_idx` (`memeber_id`),
  ADD KEY `fk_loan_3_idx` (`loantype`);

--
-- Indexes for table `loan_recovery`
--
ALTER TABLE `loan_recovery`
  ADD PRIMARY KEY (`id`),
  ADD KEY `fk_loan_recovery_1_idx` (`loan_id`),
  ADD KEY `fk_loan_recovery_2_idx` (`member_id`);

--
-- Indexes for table `loan_schedules`
--
ALTER TABLE `loan_schedules`
  ADD PRIMARY KEY (`id`),
  ADD KEY `fk_loan_schedules_1_idx` (`loan_id`),
  ADD KEY `fk_loan_schedules_2_idx` (`status_cleared`);

--
-- Indexes for table `loan_schedule_transactions`
--
ALTER TABLE `loan_schedule_transactions`
  ADD PRIMARY KEY (`id`),
  ADD KEY `fk_remittance_1_idx` (`schedule_id`);

--
-- Indexes for table `loan_status`
--
ALTER TABLE `loan_status`
  ADD PRIMARY KEY (`idloan_status`);

--
-- Indexes for table `loan_types`
--
ALTER TABLE `loan_types`
  ADD PRIMARY KEY (`id`);

--
-- Indexes for table `members`
--
ALTER TABLE `members`
  ADD PRIMARY KEY (`id`),
  ADD KEY `gender` (`gender`);

--
-- Indexes for table `member_bills`
--
ALTER TABLE `member_bills`
  ADD PRIMARY KEY (`id`),
  ADD KEY `member` (`member_id`);

--
-- Indexes for table `payment_modes`
--
ALTER TABLE `payment_modes`
  ADD PRIMARY KEY (`id`);

--
-- Indexes for table `payment_summary`
--
ALTER TABLE `payment_summary`
  ADD PRIMARY KEY (`id`);

--
-- Indexes for table `payment_summary_items`
--
ALTER TABLE `payment_summary_items`
  ADD PRIMARY KEY (`id`),
  ADD KEY `fk_payment_summary_items_1_idx` (`payment_summary_id`),
  ADD KEY `fk_payment_summary_items_2_idx` (`member_name`);

--
-- Indexes for table `sacco_income`
--
ALTER TABLE `sacco_income`
  ADD PRIMARY KEY (`id`),
  ADD KEY `fk_sacco_income_1_idx` (`source`);

--
-- Indexes for table `sacco_items_sellable`
--
ALTER TABLE `sacco_items_sellable`
  ADD PRIMARY KEY (`id`);

--
-- Indexes for table `sacco_ledgers`
--
ALTER TABLE `sacco_ledgers`
  ADD PRIMARY KEY (`id`);

--
-- Indexes for table `sacco_ledger_entries`
--
ALTER TABLE `sacco_ledger_entries`
  ADD PRIMARY KEY (`id`),
  ADD KEY `fk_sacco_ledger_entries_1_idx` (`ledger_id`);

--
-- Indexes for table `schedule_status`
--
ALTER TABLE `schedule_status`
  ADD PRIMARY KEY (`idschedule_status`);

--
-- Indexes for table `system_settings`
--
ALTER TABLE `system_settings`
  ADD PRIMARY KEY (`id`);

--
-- Indexes for table `users`
--
ALTER TABLE `users`
  ADD PRIMARY KEY (`Username`);

--
-- Indexes for table `withdrawal`
--
ALTER TABLE `withdrawal`
  ADD PRIMARY KEY (`id`),
  ADD KEY `fk_withdrawal_1_idx` (`member_id`);

--
-- AUTO_INCREMENT for dumped tables
--

--
-- AUTO_INCREMENT for table `account_status`
--
ALTER TABLE `account_status`
  MODIFY `id` int(11) NOT NULL AUTO_INCREMENT;
--
-- AUTO_INCREMENT for table `account_transitions`
--
ALTER TABLE `account_transitions`
  MODIFY `id` int(11) NOT NULL AUTO_INCREMENT;
--
-- AUTO_INCREMENT for table `bankings`
--
ALTER TABLE `bankings`
  MODIFY `id` int(11) NOT NULL AUTO_INCREMENT;
--
-- AUTO_INCREMENT for table `bill_transactions`
--
ALTER TABLE `bill_transactions`
  MODIFY `id` int(11) NOT NULL AUTO_INCREMENT,AUTO_INCREMENT=761;
--
-- AUTO_INCREMENT for table `collections`
--
ALTER TABLE `collections`
  MODIFY `id` int(11) NOT NULL AUTO_INCREMENT;
--
-- AUTO_INCREMENT for table `collection_types`
--
ALTER TABLE `collection_types`
  MODIFY `id` int(11) NOT NULL AUTO_INCREMENT,AUTO_INCREMENT=4;
--
-- AUTO_INCREMENT for table `debtors_account_ledgers_entries`
--
ALTER TABLE `debtors_account_ledgers_entries`
  MODIFY `id` int(11) NOT NULL AUTO_INCREMENT;
--
-- AUTO_INCREMENT for table `deposit_cash`
--
ALTER TABLE `deposit_cash`
  MODIFY `id` int(11) NOT NULL AUTO_INCREMENT,AUTO_INCREMENT=133;
--
-- AUTO_INCREMENT for table `deptors`
--
ALTER TABLE `deptors`
  MODIFY `id` int(11) NOT NULL AUTO_INCREMENT;
--
-- AUTO_INCREMENT for table `expenses`
--
ALTER TABLE `expenses`
  MODIFY `id` int(11) NOT NULL AUTO_INCREMENT;
--
-- AUTO_INCREMENT for table `expenses_category`
--
ALTER TABLE `expenses_category`
  MODIFY `id` int(11) NOT NULL AUTO_INCREMENT,AUTO_INCREMENT=97;
--
-- AUTO_INCREMENT for table `expenses_payment_method`
--
ALTER TABLE `expenses_payment_method`
  MODIFY `id` int(11) NOT NULL AUTO_INCREMENT;
--
-- AUTO_INCREMENT for table `fixed_asset`
--
ALTER TABLE `fixed_asset`
  MODIFY `id` int(11) NOT NULL AUTO_INCREMENT;
--
-- AUTO_INCREMENT for table `guarantors`
--
ALTER TABLE `guarantors`
  MODIFY `id` int(11) NOT NULL AUTO_INCREMENT;
--
-- AUTO_INCREMENT for table `loan`
--
ALTER TABLE `loan`
  MODIFY `loan_id` int(11) NOT NULL AUTO_INCREMENT,AUTO_INCREMENT=58;
--
-- AUTO_INCREMENT for table `loan_schedules`
--
ALTER TABLE `loan_schedules`
  MODIFY `id` int(10) NOT NULL AUTO_INCREMENT,AUTO_INCREMENT=57;
--
-- AUTO_INCREMENT for table `loan_schedule_transactions`
--
ALTER TABLE `loan_schedule_transactions`
  MODIFY `id` int(11) NOT NULL AUTO_INCREMENT,AUTO_INCREMENT=57;
--
-- AUTO_INCREMENT for table `loan_status`
--
ALTER TABLE `loan_status`
  MODIFY `idloan_status` int(11) NOT NULL AUTO_INCREMENT,AUTO_INCREMENT=3;
--
-- AUTO_INCREMENT for table `loan_types`
--
ALTER TABLE `loan_types`
  MODIFY `id` int(11) NOT NULL AUTO_INCREMENT,AUTO_INCREMENT=3;
--
-- AUTO_INCREMENT for table `members`
--
ALTER TABLE `members`
  MODIFY `id` int(11) NOT NULL AUTO_INCREMENT,AUTO_INCREMENT=191;
--
-- AUTO_INCREMENT for table `member_bills`
--
ALTER TABLE `member_bills`
  MODIFY `id` int(11) NOT NULL AUTO_INCREMENT,AUTO_INCREMENT=381;
--
-- AUTO_INCREMENT for table `payment_modes`
--
ALTER TABLE `payment_modes`
  MODIFY `id` int(11) NOT NULL AUTO_INCREMENT,AUTO_INCREMENT=2;
--
-- AUTO_INCREMENT for table `payment_summary`
--
ALTER TABLE `payment_summary`
  MODIFY `id` int(11) NOT NULL AUTO_INCREMENT;
--
-- AUTO_INCREMENT for table `payment_summary_items`
--
ALTER TABLE `payment_summary_items`
  MODIFY `id` int(11) NOT NULL AUTO_INCREMENT;
--
-- AUTO_INCREMENT for table `sacco_income`
--
ALTER TABLE `sacco_income`
  MODIFY `id` int(11) NOT NULL AUTO_INCREMENT;
--
-- AUTO_INCREMENT for table `sacco_items_sellable`
--
ALTER TABLE `sacco_items_sellable`
  MODIFY `id` int(11) NOT NULL AUTO_INCREMENT;
--
-- AUTO_INCREMENT for table `sacco_ledgers`
--
ALTER TABLE `sacco_ledgers`
  MODIFY `id` int(11) NOT NULL AUTO_INCREMENT,AUTO_INCREMENT=46;
--
-- AUTO_INCREMENT for table `sacco_ledger_entries`
--
ALTER TABLE `sacco_ledger_entries`
  MODIFY `id` int(11) NOT NULL AUTO_INCREMENT;
--
-- AUTO_INCREMENT for table `schedule_status`
--
ALTER TABLE `schedule_status`
  MODIFY `idschedule_status` int(11) NOT NULL AUTO_INCREMENT,AUTO_INCREMENT=5;
--
-- AUTO_INCREMENT for table `system_settings`
--
ALTER TABLE `system_settings`
  MODIFY `id` int(11) NOT NULL AUTO_INCREMENT,AUTO_INCREMENT=8;
--
-- AUTO_INCREMENT for table `withdrawal`
--
ALTER TABLE `withdrawal`
  MODIFY `id` int(11) NOT NULL AUTO_INCREMENT;
--
-- Constraints for dumped tables
--

--
-- Constraints for table `account_transitions`
--
ALTER TABLE `account_transitions`
  ADD CONSTRAINT `fk_account_transitions_1` FOREIGN KEY (`account`) REFERENCES `members` (`id`) ON DELETE NO ACTION ON UPDATE NO ACTION,
  ADD CONSTRAINT `fk_account_transitions_2` FOREIGN KEY (`status`) REFERENCES `account_status` (`id`) ON DELETE NO ACTION ON UPDATE NO ACTION;

--
-- Constraints for table `bill_transactions`
--
ALTER TABLE `bill_transactions`
  ADD CONSTRAINT `fk_bill_payments_1` FOREIGN KEY (`bill_id`) REFERENCES `member_bills` (`id`) ON DELETE NO ACTION ON UPDATE NO ACTION;

--
-- Constraints for table `collections`
--
ALTER TABLE `collections`
  ADD CONSTRAINT `fk_collections_1` FOREIGN KEY (`member_id`) REFERENCES `members` (`id`) ON DELETE NO ACTION ON UPDATE NO ACTION,
  ADD CONSTRAINT `fk_collections_2` FOREIGN KEY (`collectionstype`) REFERENCES `collection_types` (`id`) ON DELETE NO ACTION ON UPDATE NO ACTION;

--
-- Constraints for table `debtors_account_ledgers_entries`
--
ALTER TABLE `debtors_account_ledgers_entries`
  ADD CONSTRAINT `fk_debtors_account_ledgers_entries_1` FOREIGN KEY (`debtors_account_id`) REFERENCES `deptors` (`id`) ON DELETE NO ACTION ON UPDATE NO ACTION;

--
-- Constraints for table `deposit_cash`
--
ALTER TABLE `deposit_cash`
  ADD CONSTRAINT `fk_deposit_cash_1` FOREIGN KEY (`member_no`) REFERENCES `members` (`id`) ON DELETE NO ACTION ON UPDATE NO ACTION,
  ADD CONSTRAINT `fk_deposit_cash_2` FOREIGN KEY (`payment_mode`) REFERENCES `payment_modes` (`id`) ON DELETE NO ACTION ON UPDATE NO ACTION;

--
-- Constraints for table `expenses`
--
ALTER TABLE `expenses`
  ADD CONSTRAINT `fk_expenses_1` FOREIGN KEY (`narration`) REFERENCES `expenses_category` (`id`) ON DELETE NO ACTION ON UPDATE NO ACTION,
  ADD CONSTRAINT `fk_expenses_2` FOREIGN KEY (`payment_method`) REFERENCES `expenses_payment_method` (`id`) ON DELETE NO ACTION ON UPDATE NO ACTION;

--
-- Constraints for table `guarantors`
--
ALTER TABLE `guarantors`
  ADD CONSTRAINT `fk_guarantors_1` FOREIGN KEY (`guarantor_id`) REFERENCES `members` (`id`) ON DELETE NO ACTION ON UPDATE NO ACTION,
  ADD CONSTRAINT `fk_guarantors_2` FOREIGN KEY (`loan_id`) REFERENCES `loan` (`loan_id`) ON DELETE NO ACTION ON UPDATE NO ACTION;

--
-- Constraints for table `loan`
--
ALTER TABLE `loan`
  ADD CONSTRAINT `fk_loan_1` FOREIGN KEY (`memeber_id`) REFERENCES `members` (`id`) ON DELETE NO ACTION ON UPDATE NO ACTION,
  ADD CONSTRAINT `fk_loan_2` FOREIGN KEY (`loan_status`) REFERENCES `loan_status` (`idloan_status`) ON DELETE NO ACTION ON UPDATE NO ACTION,
  ADD CONSTRAINT `fk_loan_3` FOREIGN KEY (`loantype`) REFERENCES `loan_types` (`id`) ON DELETE NO ACTION ON UPDATE NO ACTION;

--
-- Constraints for table `loan_recovery`
--
ALTER TABLE `loan_recovery`
  ADD CONSTRAINT `fk_loan_recovery_1` FOREIGN KEY (`loan_id`) REFERENCES `loan` (`loan_id`) ON DELETE NO ACTION ON UPDATE NO ACTION,
  ADD CONSTRAINT `fk_loan_recovery_2` FOREIGN KEY (`member_id`) REFERENCES `members` (`id`) ON DELETE NO ACTION ON UPDATE NO ACTION;

--
-- Constraints for table `loan_schedules`
--
ALTER TABLE `loan_schedules`
  ADD CONSTRAINT `fk_loan_schedules_1` FOREIGN KEY (`loan_id`) REFERENCES `loan` (`loan_id`) ON DELETE NO ACTION ON UPDATE NO ACTION,
  ADD CONSTRAINT `fk_loan_schedules_2` FOREIGN KEY (`status_cleared`) REFERENCES `schedule_status` (`idschedule_status`) ON DELETE NO ACTION ON UPDATE NO ACTION;

--
-- Constraints for table `loan_schedule_transactions`
--
ALTER TABLE `loan_schedule_transactions`
  ADD CONSTRAINT `fk_remittance_1` FOREIGN KEY (`schedule_id`) REFERENCES `loan_schedules` (`id`) ON DELETE NO ACTION ON UPDATE NO ACTION;

--
-- Constraints for table `payment_summary_items`
--
ALTER TABLE `payment_summary_items`
  ADD CONSTRAINT `fk_payment_summary_items_1` FOREIGN KEY (`payment_summary_id`) REFERENCES `payment_summary` (`id`) ON DELETE NO ACTION ON UPDATE NO ACTION,
  ADD CONSTRAINT `fk_payment_summary_items_2` FOREIGN KEY (`member_name`) REFERENCES `members` (`id`) ON DELETE NO ACTION ON UPDATE NO ACTION;

--
-- Constraints for table `sacco_income`
--
ALTER TABLE `sacco_income`
  ADD CONSTRAINT `fk_sacco_income_1` FOREIGN KEY (`source`) REFERENCES `sacco_items_sellable` (`id`) ON DELETE NO ACTION ON UPDATE NO ACTION;

--
-- Constraints for table `sacco_ledger_entries`
--
ALTER TABLE `sacco_ledger_entries`
  ADD CONSTRAINT `fk_sacco_ledger_entries_1` FOREIGN KEY (`ledger_id`) REFERENCES `sacco_ledgers` (`id`) ON DELETE NO ACTION ON UPDATE NO ACTION;

--
-- Constraints for table `withdrawal`
--
ALTER TABLE `withdrawal`
  ADD CONSTRAINT `fk_withdrawal_1` FOREIGN KEY (`member_id`) REFERENCES `members` (`id`) ON DELETE NO ACTION ON UPDATE NO ACTION;

/*!40101 SET CHARACTER_SET_CLIENT=@OLD_CHARACTER_SET_CLIENT */;
/*!40101 SET CHARACTER_SET_RESULTS=@OLD_CHARACTER_SET_RESULTS */;
/*!40101 SET COLLATION_CONNECTION=@OLD_COLLATION_CONNECTION */;
